i,j,Pattern,Score
2,2,previous_attention,0.3967831138356478
4,11,previous_attention,0.04370740358462493
1,3,cls_attention,0.420639126353226
1,9,cls_attention,0.44252312120483667
2,1,cls_attention,0.3347246096389277
2,6,cls_attention,0.4115188365812766
2,11,cls_attention,0.34248622333563644
3,0,cls_attention,0.13133383893537454
3,1,cls_attention,0.4197292517682537
3,3,cls_attention,0.41910721851970817
3,4,cls_attention,0.16211269066491196
3,5,cls_attention,0.4047834500079886
3,10,cls_attention,0.35764537882015446
4,2,cls_attention,0.271347767616948
4,4,cls_attention,0.2803620820487572
4,5,cls_attention,0.41537052108703676
4,6,cls_attention,0.4111427785743806
4,8,cls_attention,0.2699782396902295
4,10,cls_attention,0.20235001168688616
5,0,cls_attention,0.17542364959550377
5,1,cls_attention,0.03079662964684953
5,4,cls_attention,0.43448378141732746
5,5,cls_attention,0.13968726991126476
5,6,cls_attention,0.30445783073957394
5,7,cls_attention,0.3466715651230511
5,8,cls_attention,0.26688206981215173
5,9,cls_attention,0.18124815672444033
5,10,cls_attention,0.38203043371164397
5,11,cls_attention,0.3173808054037644
6,1,cls_attention,0.2936458792039677
6,2,cls_attention,0.25366059748522873
6,3,cls_attention,0.29701035905869266
6,4,cls_attention,0.36365094629881345
6,5,cls_attention,0.3499918816155199
6,6,cls_attention,0.24115082913338698
6,7,cls_attention,0.4072720275466294
6,8,cls_attention,0.44836026243006444
6,9,cls_attention,0.06709014622990901
6,10,cls_attention,0.16106368668995447
6,11,cls_attention,0.43107379866954754
7,0,cls_attention,0.3970072917754113
7,1,cls_attention,0.1812559455592121
7,2,cls_attention,0.05223055429416971
7,3,cls_attention,0.35292599822504617
7,4,cls_attention,0.28337734335854226
7,5,cls_attention,0.3527035501158037
7,6,cls_attention,0.23473735005647445
7,7,cls_attention,0.1666323824311812
7,8,cls_attention,0.4318954589030386
7,9,cls_attention,0.3301028978084403
7,10,cls_attention,0.08599820325042162
7,11,cls_attention,0.14176796385566748
8,0,cls_attention,0.2555512663270635
8,1,cls_attention,0.1188657743357771
8,2,cls_attention,0.3621968178004968
8,3,cls_attention,0.2160365048197334
8,4,cls_attention,0.3489726859510843
8,6,cls_attention,0.2589485533346691
8,7,cls_attention,0.39880961903925316
8,8,cls_attention,0.36335872570630945
8,9,cls_attention,0.26502355233419017
8,10,cls_attention,0.33478730327843287
8,11,cls_attention,0.2335266681355952
9,0,cls_attention,0.29348962768993403
9,1,cls_attention,0.14297179794608444
9,2,cls_attention,0.2627959216164553
9,4,cls_attention,0.13594583287443246
9,5,cls_attention,0.25043358280636324
9,6,cls_attention,0.09925430182949402
9,7,cls_attention,0.27832494654255474
9,8,cls_attention,0.21622102899886558
9,9,cls_attention,0.07936609702451435
9,10,cls_attention,0.3605646622288111
9,11,cls_attention,0.11776460975151126
10,0,cls_attention,0.20785952293857016
10,1,cls_attention,0.13336104550793176
10,2,cls_attention,0.13322812440239928
10,3,cls_attention,0.23725361055111543
10,4,cls_attention,0.3536767682687417
10,5,cls_attention,0.2991925215135608
10,6,cls_attention,0.12447334672855433
10,7,cls_attention,0.29156595717982137
10,8,cls_attention,0.1179742644565894
10,9,cls_attention,0.37822134652330763
10,10,cls_attention,0.11359193342140542
10,11,cls_attention,0.2559102191964478
11,1,cls_attention,0.24184942391436723
11,2,cls_attention,0.1579567068155346
11,3,cls_attention,0.3698486168397713
11,4,cls_attention,0.2880518738660089
11,5,cls_attention,0.17069579246585373
11,6,cls_attention,0.13123775113331507
11,7,cls_attention,0.24323768778419247
11,9,cls_attention,0.13980473805755061
11,10,cls_attention,0.3915849886837241
11,11,cls_attention,0.3807959596522586
1,3,first_token_domination,0.420639126353226
1,9,first_token_domination,0.44252312120483667
2,1,first_token_domination,0.3347246096389277
2,6,first_token_domination,0.4115188365812766
2,11,first_token_domination,0.34248622333563644
3,0,first_token_domination,0.13133383893537454
3,1,first_token_domination,0.4197292517682537
3,3,first_token_domination,0.41910721851970817
3,4,first_token_domination,0.16211269066491196
3,5,first_token_domination,0.4047834500079886
3,10,first_token_domination,0.35764537882015446
4,2,first_token_domination,0.271347767616948
4,4,first_token_domination,0.2803620820487572
4,5,first_token_domination,0.41537052108703676
4,6,first_token_domination,0.4111427785743806
4,8,first_token_domination,0.2699782396902295
4,10,first_token_domination,0.20235001168688616
5,0,first_token_domination,0.17542364959550377
5,1,first_token_domination,0.03079662964684953
5,4,first_token_domination,0.43448378141732746
5,5,first_token_domination,0.13968726991126476
5,6,first_token_domination,0.30445783073957394
5,7,first_token_domination,0.3466715651230511
5,8,first_token_domination,0.26688206981215173
5,9,first_token_domination,0.18124815672444033
5,10,first_token_domination,0.38203043371164397
5,11,first_token_domination,0.3173808054037644
6,1,first_token_domination,0.2936458792039677
6,2,first_token_domination,0.25366059748522873
6,3,first_token_domination,0.29701035905869266
6,4,first_token_domination,0.36365094629881345
6,5,first_token_domination,0.3499918816155199
6,6,first_token_domination,0.24115082913338698
6,7,first_token_domination,0.4072720275466294
6,8,first_token_domination,0.44836026243006444
6,9,first_token_domination,0.06709014622990901
6,10,first_token_domination,0.16106368668995447
6,11,first_token_domination,0.43107379866954754
7,0,first_token_domination,0.3970072917754113
7,1,first_token_domination,0.1812559455592121
7,2,first_token_domination,0.05223055429416971
7,3,first_token_domination,0.35292599822504617
7,4,first_token_domination,0.28337734335854226
7,5,first_token_domination,0.3527035501158037
7,6,first_token_domination,0.23473735005647445
7,7,first_token_domination,0.1666323824311812
7,8,first_token_domination,0.4318954589030386
7,9,first_token_domination,0.3301028978084403
7,10,first_token_domination,0.08599820325042162
7,11,first_token_domination,0.14176796385566748
8,0,first_token_domination,0.2555512663270635
8,1,first_token_domination,0.1188657743357771
8,2,first_token_domination,0.3621968178004968
8,3,first_token_domination,0.2160365048197334
8,4,first_token_domination,0.3489726859510843
8,6,first_token_domination,0.2589485533346691
8,7,first_token_domination,0.39880961903925316
8,8,first_token_domination,0.36335872570630945
8,9,first_token_domination,0.26502355233419017
8,10,first_token_domination,0.33478730327843287
8,11,first_token_domination,0.2335266681355952
9,0,first_token_domination,0.29348962768993403
9,1,first_token_domination,0.14297179794608444
9,2,first_token_domination,0.2627959216164553
9,4,first_token_domination,0.13594583287443246
9,5,first_token_domination,0.25043358280636324
9,6,first_token_domination,0.09925430182949402
9,7,first_token_domination,0.27832494654255474
9,8,first_token_domination,0.21622102899886558
9,9,first_token_domination,0.07936609702451435
9,10,first_token_domination,0.3605646622288111
9,11,first_token_domination,0.11776460975151126
10,0,first_token_domination,0.20785952293857016
10,1,first_token_domination,0.13336104550793176
10,2,first_token_domination,0.13322812440239928
10,3,first_token_domination,0.23725361055111543
10,4,first_token_domination,0.3536767682687417
10,5,first_token_domination,0.2991925215135608
10,6,first_token_domination,0.12447334672855433
10,7,first_token_domination,0.29156595717982137
10,8,first_token_domination,0.1179742644565894
10,9,first_token_domination,0.37822134652330763
10,10,first_token_domination,0.11359193342140542
10,11,first_token_domination,0.2559102191964478
11,1,first_token_domination,0.24184942391436723
11,2,first_token_domination,0.1579567068155346
11,3,first_token_domination,0.3698486168397713
11,4,first_token_domination,0.2880518738660089
11,5,first_token_domination,0.17069579246585373
11,6,first_token_domination,0.13123775113331507
11,7,first_token_domination,0.24323768778419247
11,9,first_token_domination,0.13980473805755061
11,10,first_token_domination,0.3915849886837241
11,11,first_token_domination,0.3807959596522586
2,1,initial_contextual_attention,0.37102796441549096
2,6,initial_contextual_attention,0.4478221913578399
2,11,initial_contextual_attention,0.37878957811219977
3,0,initial_contextual_attention,0.1676371937119379
3,4,initial_contextual_attention,0.1984160454414753
3,5,initial_contextual_attention,0.4410868047845519
3,10,initial_contextual_attention,0.3939487335967178
4,2,initial_contextual_attention,0.30765112239351133
4,4,initial_contextual_attention,0.3166654368253205
4,6,initial_contextual_attention,0.44744613335094396
4,8,initial_contextual_attention,0.3062815944667928
4,10,initial_contextual_attention,0.23865336646344945
5,0,initial_contextual_attention,0.2117270043720671
5,1,initial_contextual_attention,0.06709998442341283
5,5,initial_contextual_attention,0.1759906246878281
5,6,initial_contextual_attention,0.3407611855161373
5,7,initial_contextual_attention,0.3829749198996144
5,8,initial_contextual_attention,0.30318542458871506
5,9,initial_contextual_attention,0.21755151150100369
5,10,initial_contextual_attention,0.41833378848820724
5,11,initial_contextual_attention,0.35368416018032767
6,1,initial_contextual_attention,0.32994923398053105
6,2,initial_contextual_attention,0.2899639522617921
6,3,initial_contextual_attention,0.33331371383525593
6,4,initial_contextual_attention,0.3999543010753768
6,5,initial_contextual_attention,0.3862952363920832
6,6,initial_contextual_attention,0.27745418390995036
6,7,initial_contextual_attention,0.4435753823231927
6,9,initial_contextual_attention,0.10339350100647234
6,10,initial_contextual_attention,0.1973670414665178
7,0,initial_contextual_attention,0.4333106465519746
7,1,initial_contextual_attention,0.21755930033577542
7,2,initial_contextual_attention,0.08853390907073302
7,3,initial_contextual_attention,0.38922935300160943
7,4,initial_contextual_attention,0.3196806981351056
7,5,initial_contextual_attention,0.38900690489236706
7,6,initial_contextual_attention,0.27104070483303777
7,7,initial_contextual_attention,0.20293573720774455
7,9,initial_contextual_attention,0.36640625258500364
7,10,initial_contextual_attention,0.12230155802698495
7,11,initial_contextual_attention,0.17807131863223077
8,0,initial_contextual_attention,0.2918546211036268
8,1,initial_contextual_attention,0.1551691291123404
8,2,initial_contextual_attention,0.3985001725770601
8,3,initial_contextual_attention,0.25233985959629673
8,4,initial_contextual_attention,0.38527604072764765
8,6,initial_contextual_attention,0.2952519081112324
8,7,initial_contextual_attention,0.43511297381581643
8,8,initial_contextual_attention,0.3996620804828728
8,9,initial_contextual_attention,0.3013269071107535
8,10,initial_contextual_attention,0.37109065805499614
8,11,initial_contextual_attention,0.2698300229121585
9,0,initial_contextual_attention,0.32979298246649735
9,1,initial_contextual_attention,0.17927515272264777
9,2,initial_contextual_attention,0.29909927639301864
9,4,initial_contextual_attention,0.17224918765099578
9,5,initial_contextual_attention,0.2867369375829266
9,6,initial_contextual_attention,0.13555765660605731
9,7,initial_contextual_attention,0.3146283013191181
9,8,initial_contextual_attention,0.2525243837754289
9,9,initial_contextual_attention,0.11566945180107766
9,10,initial_contextual_attention,0.39686801700537444
9,11,initial_contextual_attention,0.15406796452807459
10,0,initial_contextual_attention,0.24416287771513345
10,1,initial_contextual_attention,0.1696644002844951
10,2,initial_contextual_attention,0.1695314791789626
10,3,initial_contextual_attention,0.27355696532767876
10,4,initial_contextual_attention,0.38998012304530505
10,5,initial_contextual_attention,0.3354958762901242
10,6,initial_contextual_attention,0.16077670150511764
10,7,initial_contextual_attention,0.32786931195638463
10,8,initial_contextual_attention,0.15427761923315272
10,9,initial_contextual_attention,0.4145247012998709
10,10,initial_contextual_attention,0.14989528819796874
10,11,initial_contextual_attention,0.2922135739730111
11,1,initial_contextual_attention,0.2781527786909305
11,2,initial_contextual_attention,0.19426006159209788
11,3,initial_contextual_attention,0.4061519716163346
11,4,initial_contextual_attention,0.32435522864257227
11,5,initial_contextual_attention,0.20699914724241703
11,6,initial_contextual_attention,0.16754110590987842
11,7,initial_contextual_attention,0.27954104256075574
11,9,initial_contextual_attention,0.17610809283411394
11,10,initial_contextual_attention,0.4278883434602874
11,11,initial_contextual_attention,0.417099314428822
1,3,initial_element_reinforcement,0.4170760357856337
1,9,initial_element_reinforcement,0.43978302289689
2,1,initial_element_reinforcement,0.3313252726879478
2,6,initial_element_reinforcement,0.4089115638286783
2,11,initial_element_reinforcement,0.3390043441022615
3,0,initial_element_reinforcement,0.12823521346197575
3,1,initial_element_reinforcement,0.4173437284736978
3,3,initial_element_reinforcement,0.41803825970744074
3,4,initial_element_reinforcement,0.1573053710109626
3,5,initial_element_reinforcement,0.40176237558099925
3,10,initial_element_reinforcement,0.355014550262455
4,2,initial_element_reinforcement,0.2672795751156348
4,4,initial_element_reinforcement,0.2765202132607805
4,5,initial_element_reinforcement,0.4129709792743356
4,6,initial_element_reinforcement,0.4082660428409991
4,8,initial_element_reinforcement,0.2660621873394535
4,10,initial_element_reinforcement,0.19788011982742315
5,0,initial_element_reinforcement,0.17166788988512102
5,1,initial_element_reinforcement,0.04102183307515935
5,4,initial_element_reinforcement,0.4321135913288878
5,5,initial_element_reinforcement,0.13631750614176366
5,6,initial_element_reinforcement,0.30255213407085746
5,7,initial_element_reinforcement,0.3436364394552435
5,8,initial_element_reinforcement,0.26358684012993694
5,9,initial_element_reinforcement,0.1763649137597108
5,10,initial_element_reinforcement,0.37909396518146465
5,11,initial_element_reinforcement,0.31405890988204704
6,1,initial_element_reinforcement,0.2903592084255669
6,2,initial_element_reinforcement,0.24963935909186324
6,3,initial_element_reinforcement,0.29308689693307205
6,4,initial_element_reinforcement,0.36022185890547365
6,5,initial_element_reinforcement,0.346804966309605
6,6,initial_element_reinforcement,0.2372361686520906
6,7,initial_element_reinforcement,0.40444153245377407
6,8,initial_element_reinforcement,0.4463893599904754
6,9,initial_element_reinforcement,0.06881115692885201
6,10,initial_element_reinforcement,0.15575772105002575
6,11,initial_element_reinforcement,0.42838805916286693
7,0,initial_element_reinforcement,0.39497942205341585
7,1,initial_element_reinforcement,0.17706291890709583
7,2,initial_element_reinforcement,0.05339452297563485
7,3,initial_element_reinforcement,0.3494583271427306
7,4,initial_element_reinforcement,0.2797077948645036
7,5,initial_element_reinforcement,0.34952320221792355
7,6,initial_element_reinforcement,0.23033939090035954
7,7,initial_element_reinforcement,0.16212417109880645
7,8,initial_element_reinforcement,0.42945197280411324
7,9,initial_element_reinforcement,0.3268346441330996
7,10,initial_element_reinforcement,0.0841064023551176
7,11,initial_element_reinforcement,0.13728758620124357
8,0,initial_element_reinforcement,0.25113663881103787
8,1,initial_element_reinforcement,0.11525263270825876
8,2,initial_element_reinforcement,0.35881046805350264
8,3,initial_element_reinforcement,0.21166457121232662
8,4,initial_element_reinforcement,0.3457111755117147
8,6,initial_element_reinforcement,0.2549481288318713
8,7,initial_element_reinforcement,0.396303815147094
8,8,initial_element_reinforcement,0.36007938311395926
8,9,initial_element_reinforcement,0.2610245570778884
8,10,initial_element_reinforcement,0.3312247095022782
8,11,initial_element_reinforcement,0.22921775693507268
9,0,initial_element_reinforcement,0.28994172464106727
9,1,initial_element_reinforcement,0.1382491578219407
9,2,initial_element_reinforcement,0.2587669575421299
9,4,initial_element_reinforcement,0.1307142084155038
9,5,initial_element_reinforcement,0.24607682826407196
9,6,initial_element_reinforcement,0.09405101494602039
9,7,initial_element_reinforcement,0.274626417529948
9,8,initial_element_reinforcement,0.21176161248032166
9,9,initial_element_reinforcement,0.07436820944672823
9,10,initial_element_reinforcement,0.3575854371181223
9,11,initial_element_reinforcement,0.11264803554317475
10,0,initial_element_reinforcement,0.20343973115442404
10,1,initial_element_reinforcement,0.12816321162700114
10,2,initial_element_reinforcement,0.12796966523281056
10,3,initial_element_reinforcement,0.23323611587048618
10,4,initial_element_reinforcement,0.3504299208176294
10,5,initial_element_reinforcement,0.2954687198638938
10,6,initial_element_reinforcement,0.11933061193427523
10,7,initial_element_reinforcement,0.28797589117168076
10,8,initial_element_reinforcement,0.11236533956546116
10,9,initial_element_reinforcement,0.37527594735662945
10,10,initial_element_reinforcement,0.10730096656951923
10,11,initial_element_reinforcement,0.25241234351627484
11,1,initial_element_reinforcement,0.23740084162115388
11,2,initial_element_reinforcement,0.1523076583557417
11,3,initial_element_reinforcement,0.3661626765378499
11,4,initial_element_reinforcement,0.28398462775974964
11,5,initial_element_reinforcement,0.16527843209129262
11,6,initial_element_reinforcement,0.1250332532993459
11,7,initial_element_reinforcement,0.23907267396525472
11,9,initial_element_reinforcement,0.13428935268125064
11,10,initial_element_reinforcement,0.3883942774662984
11,11,initial_element_reinforcement,0.3776892814968083
1,3,initial_token_dominance,0.420639126353226
1,9,initial_token_dominance,0.44252312120483667
2,1,initial_token_dominance,0.3347246096389277
2,6,initial_token_dominance,0.4115188365812766
2,11,initial_token_dominance,0.34248622333563644
3,0,initial_token_dominance,0.13133383893537454
3,1,initial_token_dominance,0.4197292517682537
3,3,initial_token_dominance,0.41910721851970817
3,4,initial_token_dominance,0.16211269066491196
3,5,initial_token_dominance,0.4047834500079886
3,10,initial_token_dominance,0.35764537882015446
4,2,initial_token_dominance,0.271347767616948
4,4,initial_token_dominance,0.2803620820487572
4,5,initial_token_dominance,0.41537052108703676
4,6,initial_token_dominance,0.4111427785743806
4,8,initial_token_dominance,0.2699782396902295
4,10,initial_token_dominance,0.20235001168688616
5,0,initial_token_dominance,0.17542364959550377
5,1,initial_token_dominance,0.03079662964684953
5,4,initial_token_dominance,0.43448378141732746
5,5,initial_token_dominance,0.13968726991126476
5,6,initial_token_dominance,0.30445783073957394
5,7,initial_token_dominance,0.3466715651230511
5,8,initial_token_dominance,0.26688206981215173
5,9,initial_token_dominance,0.18124815672444033
5,10,initial_token_dominance,0.38203043371164397
5,11,initial_token_dominance,0.3173808054037644
6,1,initial_token_dominance,0.2936458792039677
6,2,initial_token_dominance,0.25366059748522873
6,3,initial_token_dominance,0.29701035905869266
6,4,initial_token_dominance,0.36365094629881345
6,5,initial_token_dominance,0.3499918816155199
6,6,initial_token_dominance,0.24115082913338698
6,7,initial_token_dominance,0.4072720275466294
6,8,initial_token_dominance,0.44836026243006444
6,9,initial_token_dominance,0.06709014622990901
6,10,initial_token_dominance,0.16106368668995447
6,11,initial_token_dominance,0.43107379866954754
7,0,initial_token_dominance,0.3970072917754113
7,1,initial_token_dominance,0.1812559455592121
7,2,initial_token_dominance,0.05223055429416971
7,3,initial_token_dominance,0.35292599822504617
7,4,initial_token_dominance,0.28337734335854226
7,5,initial_token_dominance,0.3527035501158037
7,6,initial_token_dominance,0.23473735005647445
7,7,initial_token_dominance,0.1666323824311812
7,8,initial_token_dominance,0.4318954589030386
7,9,initial_token_dominance,0.3301028978084403
7,10,initial_token_dominance,0.08599820325042162
7,11,initial_token_dominance,0.14176796385566748
8,0,initial_token_dominance,0.2555512663270635
8,1,initial_token_dominance,0.1188657743357771
8,2,initial_token_dominance,0.3621968178004968
8,3,initial_token_dominance,0.2160365048197334
8,4,initial_token_dominance,0.3489726859510843
8,6,initial_token_dominance,0.2589485533346691
8,7,initial_token_dominance,0.39880961903925316
8,8,initial_token_dominance,0.36335872570630945
8,9,initial_token_dominance,0.26502355233419017
8,10,initial_token_dominance,0.33478730327843287
8,11,initial_token_dominance,0.2335266681355952
9,0,initial_token_dominance,0.29348962768993403
9,1,initial_token_dominance,0.14297179794608444
9,2,initial_token_dominance,0.2627959216164553
9,4,initial_token_dominance,0.13594583287443246
9,5,initial_token_dominance,0.25043358280636324
9,6,initial_token_dominance,0.09925430182949402
9,7,initial_token_dominance,0.27832494654255474
9,8,initial_token_dominance,0.21622102899886558
9,9,initial_token_dominance,0.07936609702451435
9,10,initial_token_dominance,0.3605646622288111
9,11,initial_token_dominance,0.11776460975151126
10,0,initial_token_dominance,0.20785952293857016
10,1,initial_token_dominance,0.13336104550793176
10,2,initial_token_dominance,0.13322812440239928
10,3,initial_token_dominance,0.23725361055111543
10,4,initial_token_dominance,0.3536767682687417
10,5,initial_token_dominance,0.2991925215135608
10,6,initial_token_dominance,0.12447334672855433
10,7,initial_token_dominance,0.29156595717982137
10,8,initial_token_dominance,0.1179742644565894
10,9,initial_token_dominance,0.37822134652330763
10,10,initial_token_dominance,0.11359193342140542
10,11,initial_token_dominance,0.2559102191964478
11,1,initial_token_dominance,0.24184942391436723
11,2,initial_token_dominance,0.1579567068155346
11,3,initial_token_dominance,0.3698486168397713
11,4,initial_token_dominance,0.2880518738660089
11,5,initial_token_dominance,0.17069579246585373
11,6,initial_token_dominance,0.13123775113331507
11,7,initial_token_dominance,0.24323768778419247
11,9,initial_token_dominance,0.13980473805755061
11,10,initial_token_dominance,0.3915849886837241
11,11,initial_token_dominance,0.3807959596522586
1,3,initial_token_reference_attention,0.3707815714314165
1,4,initial_token_reference_attention,0.439979182032505
1,6,initial_token_reference_attention,0.43988396188974327
1,9,initial_token_reference_attention,0.4270397107003586
2,1,initial_token_reference_attention,0.333638095073742
2,6,initial_token_reference_attention,0.37837637781333533
2,11,initial_token_reference_attention,0.30574742433595553
3,0,initial_token_reference_attention,0.1840526356230755
3,1,initial_token_reference_attention,0.39212938884622506
3,3,initial_token_reference_attention,0.3941393311182363
3,4,initial_token_reference_attention,0.2552020883863123
3,5,initial_token_reference_attention,0.40163067673709085
3,10,initial_token_reference_attention,0.27662723977017506
4,1,initial_token_reference_attention,0.4475174999619152
4,2,initial_token_reference_attention,0.30988187215647056
4,4,initial_token_reference_attention,0.27410407312650176
4,5,initial_token_reference_attention,0.3923901212539995
4,6,initial_token_reference_attention,0.40067512232961205
4,8,initial_token_reference_attention,0.2916844880544316
4,10,initial_token_reference_attention,0.2416713851207127
5,0,initial_token_reference_attention,0.24671911537623875
5,1,initial_token_reference_attention,0.22852813571837444
5,4,initial_token_reference_attention,0.4069202494517007
5,5,initial_token_reference_attention,0.23851895092213962
5,6,initial_token_reference_attention,0.3216776103307625
5,7,initial_token_reference_attention,0.3413523459216636
5,8,initial_token_reference_attention,0.2921933913015678
5,9,initial_token_reference_attention,0.26970839039952904
5,10,initial_token_reference_attention,0.36480535028346417
5,11,initial_token_reference_attention,0.25232461579863014
6,1,initial_token_reference_attention,0.32281778138510564
6,2,initial_token_reference_attention,0.2924322031552637
6,3,initial_token_reference_attention,0.3367036030982418
6,4,initial_token_reference_attention,0.3432938600500556
6,5,initial_token_reference_attention,0.31931822095281015
6,6,initial_token_reference_attention,0.2054441062070155
6,7,initial_token_reference_attention,0.38904801201670924
6,9,initial_token_reference_attention,0.2303194291693885
6,10,initial_token_reference_attention,0.2299223982252497
6,11,initial_token_reference_attention,0.4125918365498781
7,0,initial_token_reference_attention,0.4065398920740054
7,1,initial_token_reference_attention,0.23527317250262914
7,2,initial_token_reference_attention,0.2240830168322568
7,3,initial_token_reference_attention,0.3453859552967877
7,4,initial_token_reference_attention,0.33945526278805127
7,5,initial_token_reference_attention,0.3562356906904854
7,6,initial_token_reference_attention,0.275238335864401
7,7,initial_token_reference_attention,0.24471097822931612
7,8,initial_token_reference_attention,0.42380450309974016
7,9,initial_token_reference_attention,0.34890039771458625
7,10,initial_token_reference_attention,0.22758338605599207
7,11,initial_token_reference_attention,0.24897913846723627
8,0,initial_token_reference_attention,0.26736937880457895
8,1,initial_token_reference_attention,0.23648478561570788
8,2,initial_token_reference_attention,0.3558123603912147
8,3,initial_token_reference_attention,0.2572828803268755
8,4,initial_token_reference_attention,0.3352302922574704
8,5,initial_token_reference_attention,0.447632069407077
8,6,initial_token_reference_attention,0.30074159036788334
8,7,initial_token_reference_attention,0.37979781042547567
8,8,initial_token_reference_attention,0.35873918123024956
8,9,initial_token_reference_attention,0.2778848901536394
8,10,initial_token_reference_attention,0.2961970011808912
8,11,initial_token_reference_attention,0.289577034453034
9,0,initial_token_reference_attention,0.3087189109674915
9,1,initial_token_reference_attention,0.23834042868664618
9,2,initial_token_reference_attention,0.2846152770502429
9,3,initial_token_reference_attention,0.43021004913892663
9,4,initial_token_reference_attention,0.23604307589592585
9,5,initial_token_reference_attention,0.25904179443139863
9,6,initial_token_reference_attention,0.23207335849623018
9,7,initial_token_reference_attention,0.3109508960936399
9,8,initial_token_reference_attention,0.2777045048769344
9,9,initial_token_reference_attention,0.2289825850462024
9,10,initial_token_reference_attention,0.35736531753777084
9,11,initial_token_reference_attention,0.24155275644332325
10,0,initial_token_reference_attention,0.2660755264893215
10,1,initial_token_reference_attention,0.2282358402397399
10,2,initial_token_reference_attention,0.2359048516073296
10,3,initial_token_reference_attention,0.275085360844105
10,4,initial_token_reference_attention,0.35302757788311523
10,5,initial_token_reference_attention,0.32743033488258394
10,6,initial_token_reference_attention,0.23349536145010052
10,7,initial_token_reference_attention,0.29179490853840795
10,8,initial_token_reference_attention,0.22456409844576766
10,9,initial_token_reference_attention,0.35347115462042134
10,10,initial_token_reference_attention,0.23343110006238757
10,11,initial_token_reference_attention,0.27011171889996755
11,1,initial_token_reference_attention,0.2739641272503587
11,2,initial_token_reference_attention,0.24102195946287458
11,3,initial_token_reference_attention,0.35899430591843157
11,4,initial_token_reference_attention,0.2906504121882142
11,5,initial_token_reference_attention,0.24085137077907248
11,6,initial_token_reference_attention,0.23698211892703017
11,7,initial_token_reference_attention,0.2696266305481335
11,9,initial_token_reference_attention,0.23747309823474955
11,10,initial_token_reference_attention,0.34537959842145566
11,11,initial_token_reference_attention,0.35381276023651576
0,1,same_attention,0.15062787274815873
0,3,same_attention,0.25367084172958587
0,5,same_attention,0.2494049874101595
1,11,same_attention,0.33392418367718857
2,1,sentence_opening_salience,0.3675387493083075
2,6,sentence_opening_salience,0.4449347206600877
2,11,sentence_opening_salience,0.3752492878781189
3,0,sentence_opening_salience,0.16400457847725414
3,4,sentence_opening_salience,0.19370565922133393
3,5,sentence_opening_salience,0.43790031744580443
3,10,sentence_opening_salience,0.3910201858634766
4,2,sentence_opening_salience,0.3036236142029566
4,4,sentence_opening_salience,0.3128089202178926
4,5,sentence_opening_salience,0.44891529230324095
4,6,sentence_opening_salience,0.44436344116309756
4,8,sentence_opening_salience,0.3023575418224783
4,10,sentence_opening_salience,0.2342551841297687
5,0,sentence_opening_salience,0.20773371071277813
5,1,sentence_opening_salience,0.07321105769069818
5,5,sentence_opening_salience,0.1722039037176001
5,6,sentence_opening_salience,0.3382762783380536
5,7,sentence_opening_salience,0.3796874104628606
5,8,sentence_opening_salience,0.2996975026930845
5,9,sentence_opening_salience,0.21283144374307889
5,10,sentence_opening_salience,0.41518445400381143
5,11,sentence_opening_salience,0.35021860456570386
6,1,sentence_opening_salience,0.32644918315292004
6,2,sentence_opening_salience,0.2859643698653911
6,3,sentence_opening_salience,0.3293873635141808
6,4,sentence_opening_salience,0.39644052810904656
6,5,sentence_opening_salience,0.3829605964259793
6,6,sentence_opening_salience,0.2735056800060182
6,7,sentence_opening_salience,0.44051672615009496
6,9,sentence_opening_salience,0.10293150020435286
6,10,sentence_opening_salience,0.19227303530435094
7,0,sentence_opening_salience,0.43078994248045205
7,1,sentence_opening_salience,0.21326867231270005
7,2,sentence_opening_salience,0.08744804247052486
7,3,sentence_opening_salience,0.3856820158036668
7,4,sentence_opening_salience,0.31587661158412267
7,5,sentence_opening_salience,0.38567103903242317
7,6,sentence_opening_salience,0.26674347914586416
7,7,sentence_opening_salience,0.19836453001243853
7,9,sentence_opening_salience,0.3629635658228286
7,10,sentence_opening_salience,0.11925202565314608
7,11,sentence_opening_salience,0.17340535881708885
8,0,sentence_opening_salience,0.28755398400020066
8,1,sentence_opening_salience,0.15100176289494957
8,2,sentence_opening_salience,0.39501257816087787
8,3,sentence_opening_salience,0.2480005168364361
8,4,sentence_opening_salience,0.38181931033346767
8,6,sentence_opening_salience,0.29118092113150834
8,7,sentence_opening_salience,0.43222881834887117
8,8,sentence_opening_salience,0.39624953068774094
8,9,sentence_opening_salience,0.297319401987406
8,10,sentence_opening_salience,0.3674738344735048
8,11,sentence_opening_salience,0.26558342174180793
9,0,sentence_opening_salience,0.3261162325214839
9,1,sentence_opening_salience,0.17447212774505289
9,2,sentence_opening_salience,0.29505038919065985
9,4,sentence_opening_salience,0.1670652592879861
9,5,sentence_opening_salience,0.2824723824167094
9,6,sentence_opening_salience,0.13023891195403414
9,7,sentence_opening_salience,0.3108653557934314
9,8,sentence_opening_salience,0.24814636581261618
9,9,sentence_opening_salience,0.11030601781430452
9,10,sentence_opening_salience,0.3936423166784024
9,11,sentence_opening_salience,0.14891250510513598
10,0,sentence_opening_salience,0.2397719143647011
10,1,sentence_opening_salience,0.1644839493307632
10,2,sentence_opening_salience,0.16432920093327413
10,3,sentence_opening_salience,0.26951207630711915
10,4,sentence_opening_salience,0.38657233720979123
10,5,sentence_opening_salience,0.3316494617541
10,6,sentence_opening_salience,0.1556047172598915
10,7,sentence_opening_salience,0.32414784707602123
10,8,sentence_opening_salience,0.14879341537822938
10,9,sentence_opening_salience,0.41135160106182533
10,10,sentence_opening_salience,0.14391154691636793
10,11,sentence_opening_salience,0.28848103214603527
11,1,sentence_opening_salience,0.2737861374885314
11,2,sentence_opening_salience,0.18888939659568965
11,3,sentence_opening_salience,0.4024186896125614
11,4,sentence_opening_salience,0.3203505777245338
11,5,sentence_opening_salience,0.20180332821617636
11,6,sentence_opening_salience,0.16171148328788984
11,7,sentence_opening_salience,0.27533961035781246
11,9,sentence_opening_salience,0.170766320326662
11,10,sentence_opening_salience,0.42453972429354325
11,11,sentence_opening_salience,0.41381317343524004
1,3,semantic_grouping,0.4342964021034324
2,1,semantic_grouping,0.37178740100040225
2,6,semantic_grouping,0.42962728073145157
2,11,semantic_grouping,0.38009574687543185
3,0,semantic_grouping,0.21285826287258777
3,1,semantic_grouping,0.4410208868410944
3,3,semantic_grouping,0.44737354129185836
3,4,semantic_grouping,0.2261704540598816
3,5,semantic_grouping,0.42887533365484387
3,10,semantic_grouping,0.3838753525023657
4,2,semantic_grouping,0.32793891652124635
4,4,semantic_grouping,0.32214858011895586
4,5,semantic_grouping,0.44647606880305857
4,6,semantic_grouping,0.4328874156787442
4,8,semantic_grouping,0.30975175503944047
4,10,semantic_grouping,0.2571198705740768
5,0,semantic_grouping,0.24202392647785934
5,1,semantic_grouping,0.12764902343457735
5,5,semantic_grouping,0.2140377636854025
5,6,semantic_grouping,0.3504573974912887
5,7,semantic_grouping,0.3973486426373689
5,8,semantic_grouping,0.3171000829379111
5,9,semantic_grouping,0.24660025242286032
5,10,semantic_grouping,0.4120426370875415
5,11,semantic_grouping,0.33403833645211767
6,1,semantic_grouping,0.3204570450058561
6,2,semantic_grouping,0.3042028592457077
6,3,semantic_grouping,0.3295711750914061
6,4,semantic_grouping,0.39841148822946104
6,5,semantic_grouping,0.38184616732850046
6,6,semantic_grouping,0.27563339683513444
6,7,semantic_grouping,0.4326937193041765
6,9,semantic_grouping,0.14965775147666943
6,10,semantic_grouping,0.2341693846488219
7,0,semantic_grouping,0.4351911064990361
7,1,semantic_grouping,0.24771333202668586
7,2,semantic_grouping,0.14619230694175916
7,3,semantic_grouping,0.383193307708618
7,4,semantic_grouping,0.3156453511589705
7,5,semantic_grouping,0.39047674981854474
7,6,semantic_grouping,0.28380890834726424
7,7,semantic_grouping,0.2242685092365732
7,9,semantic_grouping,0.37483413789442654
7,10,semantic_grouping,0.17211763290584536
7,11,semantic_grouping,0.2150792422081297
8,0,semantic_grouping,0.307159748657884
8,1,semantic_grouping,0.18967824009135362
8,2,semantic_grouping,0.3996967222275479
8,3,semantic_grouping,0.26783180287534136
8,4,semantic_grouping,0.3809949440891148
8,6,semantic_grouping,0.2919706908272005
8,7,semantic_grouping,0.43638083650859105
8,8,semantic_grouping,0.3892097911104996
8,9,semantic_grouping,0.30324916061524176
8,10,semantic_grouping,0.36261363136702485
8,11,semantic_grouping,0.2926722665383732
9,0,semantic_grouping,0.3375707991273039
9,1,semantic_grouping,0.20777673729596358
9,2,semantic_grouping,0.3096601279678408
9,4,semantic_grouping,0.20787384760195282
9,5,semantic_grouping,0.3045934100857392
9,6,semantic_grouping,0.18013168984526567
9,7,semantic_grouping,0.32116920833896323
9,8,semantic_grouping,0.27894191773046695
9,9,semantic_grouping,0.16797964925059833
9,10,semantic_grouping,0.3947938934278081
9,11,semantic_grouping,0.19465349110182434
10,0,semantic_grouping,0.268768161494976
10,1,semantic_grouping,0.20419340802880645
10,2,semantic_grouping,0.20722631919071094
10,3,semantic_grouping,0.2910863396166442
10,4,semantic_grouping,0.3830926689498963
10,5,semantic_grouping,0.3483326201181346
10,6,semantic_grouping,0.20117018262622882
10,7,semantic_grouping,0.32349023938815036
10,8,semantic_grouping,0.196445414977572
10,9,semantic_grouping,0.4166186346701135
10,10,semantic_grouping,0.19100069951163434
10,11,semantic_grouping,0.2959884088186112
11,1,semantic_grouping,0.28695643647292524
11,2,semantic_grouping,0.22819153814839482
11,3,semantic_grouping,0.39633985688210654
11,4,semantic_grouping,0.32774009433123485
11,5,semantic_grouping,0.23074333923645138
11,6,semantic_grouping,0.20780919347637963
11,7,semantic_grouping,0.2943176880350026
11,9,semantic_grouping,0.21111914475886806
11,10,semantic_grouping,0.4027659678754609
11,11,semantic_grouping,0.40825669172708523
0,0,sentence_position_preference,0.2914884341553049
0,2,sentence_position_preference,0.30049067192839185
0,6,sentence_position_preference,0.335115775932713
0,7,sentence_position_preference,0.41843043717201417
0,8,sentence_position_preference,0.356625255100834
0,9,sentence_position_preference,0.2260690974734531
0,10,sentence_position_preference,0.3407715848061054
0,11,sentence_position_preference,0.2630953974071381
1,0,sentence_position_preference,0.4031819855104725
1,1,sentence_position_preference,0.3686325961158658
1,2,sentence_position_preference,0.30938512318380895
1,3,sentence_position_preference,0.3888686091143071
1,4,sentence_position_preference,0.3181835443514528
1,5,sentence_position_preference,0.4012687165249795
1,6,sentence_position_preference,0.34491647761948513
1,7,sentence_position_preference,0.29615825113214284
1,8,sentence_position_preference,0.306940476173121
1,9,sentence_position_preference,0.34470648235610046
1,10,sentence_position_preference,0.3762332206183178
2,0,sentence_position_preference,0.37221018214654955
2,1,sentence_position_preference,0.44199078558201804
2,3,sentence_position_preference,0.42378290165719507
2,5,sentence_position_preference,0.4460811018524942
2,6,sentence_position_preference,0.4346131818158187
2,7,sentence_position_preference,0.34707009221454055
2,8,sentence_position_preference,0.43486563258353383
2,9,sentence_position_preference,0.4460266409117334
2,10,sentence_position_preference,0.33310105777070464
2,11,sentence_position_preference,0.44924006448377884
3,5,sentence_position_preference,0.37912766904339407
3,6,sentence_position_preference,0.44869414843462135
3,11,sentence_position_preference,0.42696766700558586
4,6,sentence_position_preference,0.3929138758668441
4,9,sentence_position_preference,0.383406324422565
5,2,sentence_position_preference,0.4297052895775676
5,3,sentence_position_preference,0.3563033453659633
5,4,sentence_position_preference,0.4473816640284041
6,0,sentence_position_preference,0.4073540779773343
6,7,sentence_position_preference,0.42973558080832824
6,8,sentence_position_preference,0.4464634943761568
6,11,sentence_position_preference,0.43722711742101883
7,3,sentence_position_preference,0.4401272719088062
8,2,sentence_position_preference,0.4356547618746884
8,5,sentence_position_preference,0.3887177144253593
9,3,sentence_position_preference,0.4396754975246475
11,0,sentence_position_preference,0.3254886193280301
2,1,initial_phrase_dominance,0.3686611808948583
2,6,initial_phrase_dominance,0.4454554078372072
2,11,initial_phrase_dominance,0.3764227945915671
3,0,initial_phrase_dominance,0.16527041019130517
3,4,initial_phrase_dominance,0.1960492619208426
3,5,initial_phrase_dominance,0.43872002126391924
3,10,initial_phrase_dominance,0.3915819500760851
4,2,initial_phrase_dominance,0.30528433887287865
4,4,initial_phrase_dominance,0.31429865330468776
4,5,initial_phrase_dominance,0.44930709234296745
4,6,initial_phrase_dominance,0.4450793498303113
4,8,initial_phrase_dominance,0.30391481094616013
4,10,initial_phrase_dominance,0.23628658294281676
5,0,initial_phrase_dominance,0.2093602208514344
5,1,initial_phrase_dominance,0.06473320090278015
5,5,initial_phrase_dominance,0.17362384116719537
5,6,initial_phrase_dominance,0.3383944019955045
5,7,initial_phrase_dominance,0.3806081363789817
5,8,initial_phrase_dominance,0.3008186410680823
5,9,initial_phrase_dominance,0.21518472798037097
5,10,initial_phrase_dominance,0.41596700496757455
5,11,initial_phrase_dominance,0.351317376659695
6,1,initial_phrase_dominance,0.32758245045989826
6,2,initial_phrase_dominance,0.28759716874115937
6,3,initial_phrase_dominance,0.33094693031462324
6,4,initial_phrase_dominance,0.39758751755474403
6,5,initial_phrase_dominance,0.3839284528714505
6,6,initial_phrase_dominance,0.2750874003893176
6,7,initial_phrase_dominance,0.44120859880256
6,9,initial_phrase_dominance,0.10102671748583965
6,10,initial_phrase_dominance,0.1950002579458851
7,0,initial_phrase_dominance,0.4309438630313419
7,1,initial_phrase_dominance,0.21519251681514268
7,2,initial_phrase_dominance,0.08616712555010034
7,3,initial_phrase_dominance,0.38686256948097675
7,4,initial_phrase_dominance,0.3173139146144729
7,5,initial_phrase_dominance,0.3866401213717343
7,6,initial_phrase_dominance,0.2686739213124051
7,7,initial_phrase_dominance,0.20056895368711186
7,9,initial_phrase_dominance,0.364039469064371
7,10,initial_phrase_dominance,0.11993477450635223
7,11,initial_phrase_dominance,0.17570453511159806
8,0,initial_phrase_dominance,0.2894878375829942
8,1,initial_phrase_dominance,0.15280234559170772
8,2,initial_phrase_dominance,0.3961333890564274
8,3,initial_phrase_dominance,0.24997307607566405
8,4,initial_phrase_dominance,0.3829092572070149
8,6,initial_phrase_dominance,0.2928851245905997
8,7,initial_phrase_dominance,0.4327461902951838
8,8,initial_phrase_dominance,0.3972952969622401
8,9,initial_phrase_dominance,0.29896012359012075
8,10,initial_phrase_dominance,0.36872387453436345
8,11,initial_phrase_dominance,0.26746323939152583
9,0,initial_phrase_dominance,0.3274261989458646
9,1,initial_phrase_dominance,0.17690836920201508
9,2,initial_phrase_dominance,0.2967324928723859
9,4,initial_phrase_dominance,0.1698824041303631
9,5,initial_phrase_dominance,0.2843701540622939
9,6,initial_phrase_dominance,0.13319087308542463
9,7,initial_phrase_dominance,0.3122615177984853
9,8,initial_phrase_dominance,0.25015760025479616
9,9,initial_phrase_dominance,0.11330266828044495
9,10,initial_phrase_dominance,0.3945012334847418
9,11,initial_phrase_dominance,0.1517011810074419
10,0,initial_phrase_dominance,0.2417960941945007
10,1,initial_phrase_dominance,0.16729761676386237
10,2,initial_phrase_dominance,0.16716469565832992
10,3,initial_phrase_dominance,0.27119018180704607
10,4,initial_phrase_dominance,0.38761333952467236
10,5,initial_phrase_dominance,0.33312909276949143
10,6,initial_phrase_dominance,0.15840991798448492
10,7,initial_phrase_dominance,0.325502528435752
10,8,initial_phrase_dominance,0.15191083571252004
10,9,initial_phrase_dominance,0.4121579177792382
10,10,initial_phrase_dominance,0.14752850467733603
10,11,initial_phrase_dominance,0.2898467904523784
11,1,initial_phrase_dominance,0.27578599517029784
11,2,initial_phrase_dominance,0.1918932780714652
11,3,initial_phrase_dominance,0.4037851880957019
11,4,initial_phrase_dominance,0.3219884451219395
11,5,initial_phrase_dominance,0.20463236372178434
11,6,initial_phrase_dominance,0.1651743223892457
11,7,initial_phrase_dominance,0.27717425904012305
11,9,initial_phrase_dominance,0.17374130931348125
11,10,initial_phrase_dominance,0.42552155993965474
11,11,initial_phrase_dominance,0.4147325309081892
1,3,initial_phrase_contextualization,0.420639126353226
1,9,initial_phrase_contextualization,0.44252312120483667
2,1,initial_phrase_contextualization,0.3347246096389277
2,6,initial_phrase_contextualization,0.4115188365812766
2,11,initial_phrase_contextualization,0.34248622333563644
3,0,initial_phrase_contextualization,0.13133383893537454
3,1,initial_phrase_contextualization,0.4197292517682537
3,3,initial_phrase_contextualization,0.41910721851970817
3,4,initial_phrase_contextualization,0.16211269066491196
3,5,initial_phrase_contextualization,0.4047834500079886
3,10,initial_phrase_contextualization,0.35764537882015446
4,2,initial_phrase_contextualization,0.271347767616948
4,4,initial_phrase_contextualization,0.2803620820487572
4,5,initial_phrase_contextualization,0.41537052108703676
4,6,initial_phrase_contextualization,0.4111427785743806
4,8,initial_phrase_contextualization,0.2699782396902295
4,10,initial_phrase_contextualization,0.20235001168688616
5,0,initial_phrase_contextualization,0.17542364959550377
5,1,initial_phrase_contextualization,0.03079662964684953
5,4,initial_phrase_contextualization,0.43448378141732746
5,5,initial_phrase_contextualization,0.13968726991126476
5,6,initial_phrase_contextualization,0.30445783073957394
5,7,initial_phrase_contextualization,0.3466715651230511
5,8,initial_phrase_contextualization,0.26688206981215173
5,9,initial_phrase_contextualization,0.18124815672444033
5,10,initial_phrase_contextualization,0.38203043371164397
5,11,initial_phrase_contextualization,0.3173808054037644
6,1,initial_phrase_contextualization,0.2936458792039677
6,2,initial_phrase_contextualization,0.25366059748522873
6,3,initial_phrase_contextualization,0.29701035905869266
6,4,initial_phrase_contextualization,0.36365094629881345
6,5,initial_phrase_contextualization,0.3499918816155199
6,6,initial_phrase_contextualization,0.24115082913338698
6,7,initial_phrase_contextualization,0.4072720275466294
6,8,initial_phrase_contextualization,0.44836026243006444
6,9,initial_phrase_contextualization,0.06709014622990901
6,10,initial_phrase_contextualization,0.16106368668995447
6,11,initial_phrase_contextualization,0.43107379866954754
7,0,initial_phrase_contextualization,0.3970072917754113
7,1,initial_phrase_contextualization,0.1812559455592121
7,2,initial_phrase_contextualization,0.05223055429416971
7,3,initial_phrase_contextualization,0.35292599822504617
7,4,initial_phrase_contextualization,0.28337734335854226
7,5,initial_phrase_contextualization,0.3527035501158037
7,6,initial_phrase_contextualization,0.23473735005647445
7,7,initial_phrase_contextualization,0.1666323824311812
7,8,initial_phrase_contextualization,0.4318954589030386
7,9,initial_phrase_contextualization,0.3301028978084403
7,10,initial_phrase_contextualization,0.08599820325042162
7,11,initial_phrase_contextualization,0.14176796385566748
8,0,initial_phrase_contextualization,0.2555512663270635
8,1,initial_phrase_contextualization,0.1188657743357771
8,2,initial_phrase_contextualization,0.3621968178004968
8,3,initial_phrase_contextualization,0.2160365048197334
8,4,initial_phrase_contextualization,0.3489726859510843
8,6,initial_phrase_contextualization,0.2589485533346691
8,7,initial_phrase_contextualization,0.39880961903925316
8,8,initial_phrase_contextualization,0.36335872570630945
8,9,initial_phrase_contextualization,0.26502355233419017
8,10,initial_phrase_contextualization,0.33478730327843287
8,11,initial_phrase_contextualization,0.2335266681355952
9,0,initial_phrase_contextualization,0.29348962768993403
9,1,initial_phrase_contextualization,0.14297179794608444
9,2,initial_phrase_contextualization,0.2627959216164553
9,4,initial_phrase_contextualization,0.13594583287443246
9,5,initial_phrase_contextualization,0.25043358280636324
9,6,initial_phrase_contextualization,0.09925430182949402
9,7,initial_phrase_contextualization,0.27832494654255474
9,8,initial_phrase_contextualization,0.21622102899886558
9,9,initial_phrase_contextualization,0.07936609702451435
9,10,initial_phrase_contextualization,0.3605646622288111
9,11,initial_phrase_contextualization,0.11776460975151126
10,0,initial_phrase_contextualization,0.20785952293857016
10,1,initial_phrase_contextualization,0.13336104550793176
10,2,initial_phrase_contextualization,0.13322812440239928
10,3,initial_phrase_contextualization,0.23725361055111543
10,4,initial_phrase_contextualization,0.3536767682687417
10,5,initial_phrase_contextualization,0.2991925215135608
10,6,initial_phrase_contextualization,0.12447334672855433
10,7,initial_phrase_contextualization,0.29156595717982137
10,8,initial_phrase_contextualization,0.1179742644565894
10,9,initial_phrase_contextualization,0.37822134652330763
10,10,initial_phrase_contextualization,0.11359193342140542
10,11,initial_phrase_contextualization,0.2559102191964478
11,1,initial_phrase_contextualization,0.24184942391436723
11,2,initial_phrase_contextualization,0.1579567068155346
11,3,initial_phrase_contextualization,0.3698486168397713
11,4,initial_phrase_contextualization,0.2880518738660089
11,5,initial_phrase_contextualization,0.17069579246585373
11,6,initial_phrase_contextualization,0.13123775113331507
11,7,initial_phrase_contextualization,0.24323768778419247
11,9,initial_phrase_contextualization,0.13980473805755061
11,10,initial_phrase_contextualization,0.3915849886837241
11,11,initial_phrase_contextualization,0.3807959596522586
1,3,initial_token_centralization,0.4183056767685961
1,9,initial_token_centralization,0.44079343897054624
2,1,initial_token_centralization,0.33247474448512154
2,6,initial_token_centralization,0.40987071583690177
2,11,initial_token_centralization,0.3401852830549329
3,0,initial_token_centralization,0.12894057365406814
3,1,initial_token_centralization,0.4182354634369941
3,3,initial_token_centralization,0.41856130281673326
3,4,initial_token_centralization,0.15864165439814792
3,5,initial_token_centralization,0.4028363126226184
3,10,initial_token_centralization,0.3559561810402906
4,2,initial_token_centralization,0.2685596093797705
4,4,initial_token_centralization,0.2777449153947065
4,5,initial_token_centralization,0.41385128748005495
4,6,initial_token_centralization,0.4092994363399116
4,8,initial_token_centralization,0.26729353699929226
4,10,initial_token_centralization,0.1991911793065827
5,0,initial_token_centralization,0.17266970588959216
5,1,initial_token_centralization,0.038147052867512174
5,4,initial_token_centralization,0.43300178068364675
5,5,initial_token_centralization,0.1371398988944141
5,6,initial_token_centralization,0.30321227351486757
5,7,initial_token_centralization,0.3446234056396746
5,8,initial_token_centralization,0.2646334978698984
5,9,initial_token_centralization,0.1777674389198929
5,10,initial_token_centralization,0.3801204491806254
5,11,initial_token_centralization,0.3151545997425178
6,1,initial_token_centralization,0.29138517832973404
6,2,initial_token_centralization,0.25090036504220503
6,3,initial_token_centralization,0.2943233586909949
6,4,initial_token_centralization,0.3613765232858605
6,5,initial_token_centralization,0.3478965916027933
6,6,initial_token_centralization,0.2384416751828322
6,7,initial_token_centralization,0.40545272132690896
6,8,initial_token_centralization,0.4471582196244415
6,9,initial_token_centralization,0.06786749538116685
6,10,initial_token_centralization,0.1572090304811649
6,11,initial_token_centralization,0.42934890760982525
7,0,initial_token_centralization,0.39572593765726605
7,1,initial_token_centralization,0.17820466748951405
7,2,initial_token_centralization,0.052384037647338864
7,3,initial_token_centralization,0.35061801098048073
7,4,initial_token_centralization,0.28081260676093667
7,5,initial_token_centralization,0.3506070342092372
7,6,initial_token_centralization,0.23167947432267816
7,7,initial_token_centralization,0.1633005251892526
7,8,initial_token_centralization,0.43034398739455354
7,9,initial_token_centralization,0.3278995609996426
7,10,initial_token_centralization,0.08418802082996006
7,11,initial_token_centralization,0.13834135399390285
8,0,initial_token_centralization,0.2524899791770146
8,1,initial_token_centralization,0.11593775807176354
8,2,initial_token_centralization,0.3599485733376919
8,3,initial_token_centralization,0.21293651201325012
8,4,initial_token_centralization,0.3467553055102817
8,6,initial_token_centralization,0.25611691630832234
8,7,initial_token_centralization,0.3971648135256852
8,8,initial_token_centralization,0.361185525864555
8,9,initial_token_centralization,0.26225539716421997
8,10,initial_token_centralization,0.3324098296503188
8,11,initial_token_centralization,0.2305194169186219
9,0,initial_token_centralization,0.2910522276982979
9,1,initial_token_centralization,0.13940812292186694
9,2,initial_token_centralization,0.2599863843674739
9,4,initial_token_centralization,0.1320012544648001
9,5,initial_token_centralization,0.2474083775935234
9,6,initial_token_centralization,0.09517490713084815
9,7,initial_token_centralization,0.2758013509702454
9,8,initial_token_centralization,0.2130823609894302
9,9,initial_token_centralization,0.07524201299111849
9,10,initial_token_centralization,0.3585783118552164
9,11,initial_token_centralization,0.11384850028194997
10,0,initial_token_centralization,0.20470790954151505
10,1,initial_token_centralization,0.1294199445075772
10,2,initial_token_centralization,0.12926519611008813
10,3,initial_token_centralization,0.23444807148393315
10,4,initial_token_centralization,0.35150833238660517
10,5,initial_token_centralization,0.296585456930914
10,6,initial_token_centralization,0.12054071243670553
10,7,initial_token_centralization,0.28908384225283523
10,8,initial_token_centralization,0.11372941055504335
10,9,initial_token_centralization,0.3762875962386394
10,10,initial_token_centralization,0.1088475420931819
10,11,initial_token_centralization,0.25341702732284926
11,1,initial_token_centralization,0.23872213266534548
11,2,initial_token_centralization,0.15382539177250365
11,3,initial_token_centralization,0.3673546847893754
11,4,initial_token_centralization,0.2852865729013478
11,5,initial_token_centralization,0.16673932339299033
11,6,initial_token_centralization,0.12664747846470387
11,7,initial_token_centralization,0.24027560553462646
11,9,initial_token_centralization,0.135702315503476
11,10,initial_token_centralization,0.38947571947035725
11,11,initial_token_centralization,0.378749168612054
0,0,contextual_anchoring,0.3000319376932553
0,2,contextual_anchoring,0.3107609452265343
0,6,contextual_anchoring,0.3408288726302747
0,7,contextual_anchoring,0.41511885358209605
0,8,contextual_anchoring,0.3463049901105369
0,9,contextual_anchoring,0.22764700787341977
0,10,contextual_anchoring,0.3294146903362529
0,11,contextual_anchoring,0.2606255529113294
1,0,contextual_anchoring,0.4088461866919178
1,1,contextual_anchoring,0.3653769563361396
1,2,contextual_anchoring,0.3132753954998234
1,3,contextual_anchoring,0.39705164605062626
1,4,contextual_anchoring,0.3258561119730093
1,5,contextual_anchoring,0.40472234294822573
1,6,contextual_anchoring,0.3578816678977968
1,7,contextual_anchoring,0.3077016516604143
1,8,contextual_anchoring,0.31518938818761977
1,9,contextual_anchoring,0.3639346331179779
1,10,contextual_anchoring,0.3423282871215644
2,0,contextual_anchoring,0.38502936370431534
2,3,contextual_anchoring,0.4354953043419153
2,6,contextual_anchoring,0.433517463371213
2,7,contextual_anchoring,0.3424108647624584
2,8,contextual_anchoring,0.43937785278582514
2,9,contextual_anchoring,0.44971179552806256
2,10,contextual_anchoring,0.3340415351341498
3,5,contextual_anchoring,0.3952300176625346
3,11,contextual_anchoring,0.4361922941929219
4,6,contextual_anchoring,0.4093391646544668
4,9,contextual_anchoring,0.400860242839517
5,2,contextual_anchoring,0.4424140252243344
5,3,contextual_anchoring,0.37072234886764166
6,0,contextual_anchoring,0.4293234994298789
6,7,contextual_anchoring,0.4437693473550904
8,2,contextual_anchoring,0.4459676215492269
8,5,contextual_anchoring,0.4091951205082006
11,0,contextual_anchoring,0.3113364437936279
11,8,contextual_anchoring,0.4326743689830434
1,3,sentence_beginning_salience,0.41187574493558976
1,9,sentence_beginning_salience,0.43531638395224936
2,1,sentence_beginning_salience,0.32649269512220436
2,6,sentence_beginning_salience,0.4047671207087795
2,11,sentence_beginning_salience,0.3341278457253717
3,0,sentence_beginning_salience,0.12511579101514497
3,1,sentence_beginning_salience,0.4137220310974915
3,3,sentence_beginning_salience,0.4163204251771552
3,4,sentence_beginning_salience,0.1509321345851125
3,5,sentence_beginning_salience,0.3970521293372745
3,10,sentence_beginning_salience,0.35107356536632145
4,2,sentence_beginning_salience,0.26187882594655215
4,4,sentence_beginning_salience,0.2717559013171115
4,5,sentence_beginning_salience,0.4097057250973375
4,6,sentence_beginning_salience,0.4039231553166521
4,8,sentence_beginning_salience,0.2606151310037022
4,10,sentence_beginning_salience,0.1922971634690904
5,0,sentence_beginning_salience,0.16829941818889654
5,1,sentence_beginning_salience,0.04657538917860296
5,4,sentence_beginning_salience,0.42866152166217236
5,5,sentence_beginning_salience,0.13260460961868273
5,6,sentence_beginning_salience,0.3004621706308113
5,7,sentence_beginning_salience,0.3398838005361008
5,8,sentence_beginning_salience,0.25994593380052494
5,9,sentence_beginning_salience,0.17019868588870263
5,10,sentence_beginning_salience,0.3746056372239634
5,11,sentence_beginning_salience,0.30977604255415814
6,1,sentence_beginning_salience,0.2870031545559962
6,2,sentence_beginning_salience,0.24407153889404495
6,3,sentence_beginning_salience,0.28748749487980396
6,4,sentence_beginning_salience,0.3552689679833203
6,5,sentence_beginning_salience,0.342348335583312
6,6,sentence_beginning_salience,0.2325445125393281
6,7,sentence_beginning_salience,0.4002044794589576
6,8,sentence_beginning_salience,0.44377715919848154
6,9,sentence_beginning_salience,0.0704572700817972
6,10,sentence_beginning_salience,0.14957938749597205
6,11,sentence_beginning_salience,0.42502792069351747
7,0,sentence_beginning_salience,0.39290194879493867
7,1,sentence_beginning_salience,0.17218599382398064
7,2,sentence_beginning_salience,0.05664484990109462
7,3,sentence_beginning_salience,0.34462600437803964
7,4,sentence_beginning_salience,0.2752431730174437
7,5,sentence_beginning_salience,0.3449527740241417
7,6,sentence_beginning_salience,0.22468464301171745
7,7,sentence_beginning_salience,0.1579663837413055
7,8,sentence_beginning_salience,0.4260440784786585
7,9,sentence_beginning_salience,0.32277250187508894
7,10,sentence_beginning_salience,0.08303972228653717
7,11,sentence_beginning_salience,0.13290489860966972
8,0,sentence_beginning_salience,0.24566368695615798
8,1,sentence_beginning_salience,0.11256803469211218
8,2,sentence_beginning_salience,0.3539214365073277
8,3,sentence_beginning_salience,0.20633980086580764
8,4,sentence_beginning_salience,0.3418102538471637
8,6,sentence_beginning_salience,0.2509066152984938
8,7,sentence_beginning_salience,0.39358659421193676
8,8,sentence_beginning_salience,0.355550704147676
8,9,sentence_beginning_salience,0.25603379613921895
8,10,sentence_beginning_salience,0.3264204333221051
8,11,sentence_beginning_salience,0.22355753796341374
9,0,sentence_beginning_salience,0.2854112960892651
9,1,sentence_beginning_salience,0.13322432598547285
9,2,sentence_beginning_salience,0.25373826706575536
9,3,sentence_beginning_salience,0.44837956683419067
9,4,sentence_beginning_salience,0.1250587102275066
9,5,sentence_beginning_salience,0.2407990214687929
9,6,sentence_beginning_salience,0.08946824339383733
9,7,sentence_beginning_salience,0.26979106667578423
9,8,sentence_beginning_salience,0.20611553713936392
9,9,sentence_beginning_salience,0.0714835655208253
9,10,sentence_beginning_salience,0.35384987876776985
9,11,sentence_beginning_salience,0.10770387760102362
10,0,sentence_beginning_salience,0.19809128144462682
10,1,sentence_beginning_salience,0.12330746596787023
10,2,sentence_beginning_salience,0.12246547162047387
10,3,sentence_beginning_salience,0.22822761976299066
10,4,sentence_beginning_salience,0.3462920445775677
10,5,sentence_beginning_salience,0.2908733619109409
10,6,sentence_beginning_salience,0.11455072900468315
10,7,sentence_beginning_salience,0.2838484211232347
10,8,sentence_beginning_salience,0.10755589463108221
10,9,sentence_beginning_salience,0.3712000313223952
10,10,sentence_beginning_salience,0.10128869467072914
10,11,sentence_beginning_salience,0.2491943295504889
11,1,sentence_beginning_salience,0.23182970460769203
11,2,sentence_beginning_salience,0.14597278294331717
11,3,sentence_beginning_salience,0.36126781635499594
11,4,sentence_beginning_salience,0.27866484335731223
11,5,sentence_beginning_salience,0.15901996278790792
11,6,sentence_beginning_salience,0.11836176858865836
11,7,sentence_beginning_salience,0.23407466673606958
11,9,sentence_beginning_salience,0.1283234658998072
11,10,sentence_beginning_salience,0.3841234031894102
11,11,sentence_beginning_salience,0.3737161526980015
1,3,initial_token_anchoring,0.4183056767685961
1,9,initial_token_anchoring,0.44079343897054624
2,1,initial_token_anchoring,0.33247474448512154
2,6,initial_token_anchoring,0.40987071583690177
2,11,initial_token_anchoring,0.3401852830549329
3,0,initial_token_anchoring,0.12894057365406814
3,1,initial_token_anchoring,0.4182354634369941
3,3,initial_token_anchoring,0.41856130281673326
3,4,initial_token_anchoring,0.15864165439814792
3,5,initial_token_anchoring,0.4028363126226184
3,10,initial_token_anchoring,0.3559561810402906
4,2,initial_token_anchoring,0.2685596093797705
4,4,initial_token_anchoring,0.2777449153947065
4,5,initial_token_anchoring,0.41385128748005495
4,6,initial_token_anchoring,0.4092994363399116
4,8,initial_token_anchoring,0.26729353699929226
4,10,initial_token_anchoring,0.1991911793065827
5,0,initial_token_anchoring,0.17266970588959216
5,1,initial_token_anchoring,0.038147052867512174
5,4,initial_token_anchoring,0.43300178068364675
5,5,initial_token_anchoring,0.1371398988944141
5,6,initial_token_anchoring,0.30321227351486757
5,7,initial_token_anchoring,0.3446234056396746
5,8,initial_token_anchoring,0.2646334978698984
5,9,initial_token_anchoring,0.1777674389198929
5,10,initial_token_anchoring,0.3801204491806254
5,11,initial_token_anchoring,0.3151545997425178
6,1,initial_token_anchoring,0.29138517832973404
6,2,initial_token_anchoring,0.25090036504220503
6,3,initial_token_anchoring,0.2943233586909949
6,4,initial_token_anchoring,0.3613765232858605
6,5,initial_token_anchoring,0.3478965916027933
6,6,initial_token_anchoring,0.2384416751828322
6,7,initial_token_anchoring,0.40545272132690896
6,8,initial_token_anchoring,0.4471582196244415
6,9,initial_token_anchoring,0.06786749538116685
6,10,initial_token_anchoring,0.1572090304811649
6,11,initial_token_anchoring,0.42934890760982525
7,0,initial_token_anchoring,0.39572593765726605
7,1,initial_token_anchoring,0.17820466748951405
7,2,initial_token_anchoring,0.052384037647338864
7,3,initial_token_anchoring,0.35061801098048073
7,4,initial_token_anchoring,0.28081260676093667
7,5,initial_token_anchoring,0.3506070342092372
7,6,initial_token_anchoring,0.23167947432267816
7,7,initial_token_anchoring,0.1633005251892526
7,8,initial_token_anchoring,0.43034398739455354
7,9,initial_token_anchoring,0.3278995609996426
7,10,initial_token_anchoring,0.08418802082996006
7,11,initial_token_anchoring,0.13834135399390285
8,0,initial_token_anchoring,0.2524899791770146
8,1,initial_token_anchoring,0.11593775807176354
8,2,initial_token_anchoring,0.3599485733376919
8,3,initial_token_anchoring,0.21293651201325012
8,4,initial_token_anchoring,0.3467553055102817
8,6,initial_token_anchoring,0.25611691630832234
8,7,initial_token_anchoring,0.3971648135256852
8,8,initial_token_anchoring,0.361185525864555
8,9,initial_token_anchoring,0.26225539716421997
8,10,initial_token_anchoring,0.3324098296503188
8,11,initial_token_anchoring,0.2305194169186219
9,0,initial_token_anchoring,0.2910522276982979
9,1,initial_token_anchoring,0.13940812292186694
9,2,initial_token_anchoring,0.2599863843674739
9,4,initial_token_anchoring,0.1320012544648001
9,5,initial_token_anchoring,0.2474083775935234
9,6,initial_token_anchoring,0.09517490713084815
9,7,initial_token_anchoring,0.2758013509702454
9,8,initial_token_anchoring,0.2130823609894302
9,9,initial_token_anchoring,0.07524201299111849
9,10,initial_token_anchoring,0.3585783118552164
9,11,initial_token_anchoring,0.11384850028194997
10,0,initial_token_anchoring,0.20470790954151505
10,1,initial_token_anchoring,0.1294199445075772
10,2,initial_token_anchoring,0.12926519611008813
10,3,initial_token_anchoring,0.23444807148393315
10,4,initial_token_anchoring,0.35150833238660517
10,5,initial_token_anchoring,0.296585456930914
10,6,initial_token_anchoring,0.12054071243670553
10,7,initial_token_anchoring,0.28908384225283523
10,8,initial_token_anchoring,0.11372941055504335
10,9,initial_token_anchoring,0.3762875962386394
10,10,initial_token_anchoring,0.1088475420931819
10,11,initial_token_anchoring,0.25341702732284926
11,1,initial_token_anchoring,0.23872213266534548
11,2,initial_token_anchoring,0.15382539177250365
11,3,initial_token_anchoring,0.3673546847893754
11,4,initial_token_anchoring,0.2852865729013478
11,5,initial_token_anchoring,0.16673932339299033
11,6,initial_token_anchoring,0.12664747846470387
11,7,initial_token_anchoring,0.24027560553462646
11,9,initial_token_anchoring,0.135702315503476
11,10,initial_token_anchoring,0.38947571947035725
11,11,initial_token_anchoring,0.378749168612054
1,3,sentence_level_attention,0.4471323423546284
2,1,sentence_level_attention,0.37721585332142393
2,6,sentence_level_attention,0.4301313817400124
2,11,sentence_level_attention,0.38125411796857595
3,0,sentence_level_attention,0.23478617765676907
3,1,sentence_level_attention,0.44369824126262103
3,3,sentence_level_attention,0.4469750681179291
3,4,sentence_level_attention,0.251743442570675
3,5,sentence_level_attention,0.43652110559859764
3,10,sentence_level_attention,0.39388255270224254
4,2,sentence_level_attention,0.3296751786576765
4,4,sentence_level_attention,0.3333367477047715
4,6,sentence_level_attention,0.43988084464094157
4,8,sentence_level_attention,0.3257270845213228
4,10,sentence_level_attention,0.27478596587088366
5,0,sentence_level_attention,0.2686728826702555
5,1,sentence_level_attention,0.20004961124737958
5,5,sentence_level_attention,0.2420835833879634
5,6,sentence_level_attention,0.3616199957261803
5,7,sentence_level_attention,0.3903785488278548
5,8,sentence_level_attention,0.3291141377880694
5,9,sentence_level_attention,0.2657926756321802
5,10,sentence_level_attention,0.418941904043156
5,11,sentence_level_attention,0.3568399990175807
6,1,sentence_level_attention,0.35527176789789733
6,2,sentence_level_attention,0.3130450029012875
6,3,sentence_level_attention,0.3479356048092857
6,4,sentence_level_attention,0.3979220512535826
6,5,sentence_level_attention,0.38593762668500203
6,6,sentence_level_attention,0.30106270050581024
6,7,sentence_level_attention,0.4381793254401904
6,9,sentence_level_attention,0.2116087582609693
6,10,sentence_level_attention,0.25072179217790563
7,0,sentence_level_attention,0.44408972791668155
7,1,sentence_level_attention,0.26516362876606775
7,2,sentence_level_attention,0.20492224306377996
7,3,sentence_level_attention,0.39397266557080524
7,4,sentence_level_attention,0.3477798191103768
7,5,sentence_level_attention,0.39439079274944955
7,6,sentence_level_attention,0.2989569947294134
7,7,sentence_level_attention,0.2609711779510245
7,9,sentence_level_attention,0.38413990797137293
7,10,sentence_level_attention,0.21775263428879948
7,11,sentence_level_attention,0.24766730690540611
8,0,sentence_level_attention,0.31998330772979633
8,1,sentence_level_attention,0.23603066948700469
8,2,sentence_level_attention,0.39687585677387516
8,3,sentence_level_attention,0.2865422784949728
8,4,sentence_level_attention,0.3994790747417153
8,6,sentence_level_attention,0.3253692059117842
8,7,sentence_level_attention,0.44576950533761084
8,8,sentence_level_attention,0.4053067486169161
8,9,sentence_level_attention,0.318474682964167
8,10,sentence_level_attention,0.37635224270434453
8,11,sentence_level_attention,0.30106397264542006
9,0,sentence_level_attention,0.35296090322036705
9,1,sentence_level_attention,0.24374335994522803
9,2,sentence_level_attention,0.32457569258254043
9,4,sentence_level_attention,0.22995405902167249
9,5,sentence_level_attention,0.3145550664004531
9,6,sentence_level_attention,0.22110178297730426
9,7,sentence_level_attention,0.3337178523043539
9,8,sentence_level_attention,0.28711956264915217
9,9,sentence_level_attention,0.2109680534939315
9,10,sentence_level_attention,0.40399504538441977
9,11,sentence_level_attention,0.23136885644984245
10,0,sentence_level_attention,0.285033639052286
10,1,sentence_level_attention,0.23755534375952153
10,2,sentence_level_attention,0.23500035884003084
10,3,sentence_level_attention,0.299937316535061
10,4,sentence_level_attention,0.3980751364260628
10,5,sentence_level_attention,0.35526252742978237
10,6,sentence_level_attention,0.2324846308841963
10,7,sentence_level_attention,0.34823546184592435
10,8,sentence_level_attention,0.22826027527530038
10,9,sentence_level_attention,0.40853357291536607
10,10,sentence_level_attention,0.22733249432728284
10,11,sentence_level_attention,0.32636883046443266
11,1,sentence_level_attention,0.30631533422836843
11,2,sentence_level_attention,0.24573292914713551
11,3,sentence_level_attention,0.40401032460605435
11,4,sentence_level_attention,0.33823808073786427
11,5,sentence_level_attention,0.24968877493581698
11,6,sentence_level_attention,0.23407442362843858
11,7,sentence_level_attention,0.30709399464047493
11,9,sentence_level_attention,0.2384412198987973
11,10,sentence_level_attention,0.4204840785455655
11,11,sentence_level_attention,0.41793442033120465
2,1,initial_token_dominance,0.3739159236939672
2,11,initial_token_dominance,0.3816775373906759
3,0,initial_token_dominance,0.17052515299041401
3,4,initial_token_dominance,0.20130400471995147
3,5,initial_token_dominance,0.443974764063028
3,10,initial_token_dominance,0.39683669287519396
4,2,initial_token_dominance,0.3105390816719875
4,4,initial_token_dominance,0.3195533961037966
4,8,initial_token_dominance,0.30916955374526894
4,10,initial_token_dominance,0.2415413257419256
5,0,initial_token_dominance,0.21461496365054328
5,1,initial_token_dominance,0.06998794370188899
5,5,initial_token_dominance,0.1788785839663042
5,6,initial_token_dominance,0.3436491447946134
5,7,initial_token_dominance,0.38586287917809053
5,8,initial_token_dominance,0.3060733838671912
5,9,initial_token_dominance,0.22043947077947976
5,10,initial_token_dominance,0.4212217477666834
5,11,initial_token_dominance,0.3565721194588039
6,1,initial_token_dominance,0.3328371932590072
6,2,initial_token_dominance,0.29285191154026824
6,3,initial_token_dominance,0.3362016731137321
6,4,initial_token_dominance,0.40284226035385295
6,5,initial_token_dominance,0.3891831956705593
6,6,initial_token_dominance,0.28034214318842643
6,7,initial_token_dominance,0.4464633416016689
6,9,initial_token_dominance,0.10628146028494849
6,10,initial_token_dominance,0.20025500074499397
7,0,initial_token_dominance,0.4361986058304508
7,1,initial_token_dominance,0.22044725961425157
7,2,initial_token_dominance,0.09142186834920919
7,3,initial_token_dominance,0.39211731228008556
7,4,initial_token_dominance,0.3225686574135817
7,5,initial_token_dominance,0.3918948641708432
7,6,initial_token_dominance,0.2739286641115139
7,7,initial_token_dominance,0.20582369648622065
7,9,initial_token_dominance,0.36929421186347977
7,10,initial_token_dominance,0.12518951730546107
7,11,initial_token_dominance,0.18095927791070693
8,0,initial_token_dominance,0.294742580382103
8,1,initial_token_dominance,0.15805708839081653
8,2,initial_token_dominance,0.40138813185553623
8,3,initial_token_dominance,0.25522781887477286
8,4,initial_token_dominance,0.3881640000061238
8,6,initial_token_dominance,0.29813986738970855
8,7,initial_token_dominance,0.43800093309429267
8,8,initial_token_dominance,0.4025500397613489
8,9,initial_token_dominance,0.30421486638922957
8,10,initial_token_dominance,0.3739786173334723
8,11,initial_token_dominance,0.2727179821906347
9,0,initial_token_dominance,0.3326809417449735
9,1,initial_token_dominance,0.18216311200112392
9,2,initial_token_dominance,0.30198723567149477
9,4,initial_token_dominance,0.1751371469294719
9,5,initial_token_dominance,0.2896248968614027
9,6,initial_token_dominance,0.13844561588453347
9,7,initial_token_dominance,0.3175162605975942
9,8,initial_token_dominance,0.2554123430539051
9,9,initial_token_dominance,0.1185574110795538
9,10,initial_token_dominance,0.3997559762838506
9,11,initial_token_dominance,0.1569559238065507
10,0,initial_token_dominance,0.24705083699360958
10,1,initial_token_dominance,0.17255235956297119
10,2,initial_token_dominance,0.17241943845743876
10,3,initial_token_dominance,0.27644492460615494
10,4,initial_token_dominance,0.3928680823237812
10,5,initial_token_dominance,0.3383838355686003
10,6,initial_token_dominance,0.16366466078359376
10,7,initial_token_dominance,0.3307572712348609
10,8,initial_token_dominance,0.15716557851162888
10,9,initial_token_dominance,0.4174126605783471
10,10,initial_token_dominance,0.15278324747644487
10,11,initial_token_dominance,0.29510153325148725
11,1,initial_token_dominance,0.28104073796940676
11,2,initial_token_dominance,0.19714802087057398
11,3,initial_token_dominance,0.4090399308948108
11,4,initial_token_dominance,0.32724318792104834
11,5,initial_token_dominance,0.2098871065208932
11,6,initial_token_dominance,0.17042906518835454
11,7,initial_token_dominance,0.2824290018392319
11,9,initial_token_dominance,0.17899605211259006
11,10,initial_token_dominance,0.43077630273876366
11,11,initial_token_dominance,0.41998727370729816
2,1,sentence_beginning_attention_pattern,0.3674161959210697
2,6,sentence_beginning_attention_pattern,0.4448121672728499
2,11,sentence_beginning_attention_pattern,0.375126734490881
3,0,sentence_beginning_attention_pattern,0.16388202509001631
3,4,sentence_beginning_attention_pattern,0.19358310583409608
3,5,sentence_beginning_attention_pattern,0.4377777640585666
3,10,sentence_beginning_attention_pattern,0.3908976324762387
4,2,sentence_beginning_attention_pattern,0.30350106081571865
4,4,sentence_beginning_attention_pattern,0.3126863668306547
4,5,sentence_beginning_attention_pattern,0.44879273891600313
4,6,sentence_beginning_attention_pattern,0.4442408877758598
4,8,sentence_beginning_attention_pattern,0.3022349884352405
4,10,sentence_beginning_attention_pattern,0.23413263074253088
5,0,sentence_beginning_attention_pattern,0.2076111573255403
5,1,sentence_beginning_attention_pattern,0.07308850430346034
5,5,sentence_beginning_attention_pattern,0.17208135033036226
5,6,sentence_beginning_attention_pattern,0.3381537249508158
5,7,sentence_beginning_attention_pattern,0.37956485707562276
5,8,sentence_beginning_attention_pattern,0.2995749493058466
5,9,sentence_beginning_attention_pattern,0.2127088903558411
5,10,sentence_beginning_attention_pattern,0.41506190061657355
5,11,sentence_beginning_attention_pattern,0.350096051178466
6,1,sentence_beginning_attention_pattern,0.3263266297656823
6,2,sentence_beginning_attention_pattern,0.2858418164781532
6,3,sentence_beginning_attention_pattern,0.329264810126943
6,4,sentence_beginning_attention_pattern,0.3963179747218087
6,5,sentence_beginning_attention_pattern,0.38283804303874147
6,6,sentence_beginning_attention_pattern,0.2733831266187804
6,7,sentence_beginning_attention_pattern,0.44039417276285714
6,9,sentence_beginning_attention_pattern,0.10280894681711501
6,10,sentence_beginning_attention_pattern,0.1921504819171131
7,0,sentence_beginning_attention_pattern,0.4306673890932142
7,1,sentence_beginning_attention_pattern,0.21314611892546226
7,2,sentence_beginning_attention_pattern,0.08732548908328701
7,3,sentence_beginning_attention_pattern,0.38555946241642897
7,4,sentence_beginning_attention_pattern,0.31575405819688485
7,5,sentence_beginning_attention_pattern,0.3855484856451853
7,6,sentence_beginning_attention_pattern,0.26662092575862634
7,7,sentence_beginning_attention_pattern,0.1982419766252007
7,9,sentence_beginning_attention_pattern,0.36284101243559086
7,10,sentence_beginning_attention_pattern,0.11912947226590823
7,11,sentence_beginning_attention_pattern,0.173282805429851
8,0,sentence_beginning_attention_pattern,0.2874314306129628
8,1,sentence_beginning_attention_pattern,0.15087920950771172
8,2,sentence_beginning_attention_pattern,0.3948900247736401
8,3,sentence_beginning_attention_pattern,0.24787796344919824
8,4,sentence_beginning_attention_pattern,0.38169675694622984
8,6,sentence_beginning_attention_pattern,0.2910583677442705
8,7,sentence_beginning_attention_pattern,0.43210626496163335
8,8,sentence_beginning_attention_pattern,0.39612697730050306
8,9,sentence_beginning_attention_pattern,0.2971968486001681
8,10,sentence_beginning_attention_pattern,0.367351281086267
8,11,sentence_beginning_attention_pattern,0.2654608683545701
9,0,sentence_beginning_attention_pattern,0.32599367913424604
9,1,sentence_beginning_attention_pattern,0.17434957435781506
9,2,sentence_beginning_attention_pattern,0.2949278358034221
9,4,sentence_beginning_attention_pattern,0.16694270590074828
9,5,sentence_beginning_attention_pattern,0.28234982902947153
9,6,sentence_beginning_attention_pattern,0.13011635856679632
9,7,sentence_beginning_attention_pattern,0.3107428024061936
9,8,sentence_beginning_attention_pattern,0.24802381242537835
9,9,sentence_beginning_attention_pattern,0.11018346442706665
9,10,sentence_beginning_attention_pattern,0.39351976329116456
9,11,sentence_beginning_attention_pattern,0.1487899517178981
10,0,sentence_beginning_attention_pattern,0.23964936097746325
10,1,sentence_beginning_attention_pattern,0.16436139594352533
10,2,sentence_beginning_attention_pattern,0.16420664754603628
10,3,sentence_beginning_attention_pattern,0.26938952291988133
10,4,sentence_beginning_attention_pattern,0.38644978382255335
10,5,sentence_beginning_attention_pattern,0.3315269083668621
10,6,sentence_beginning_attention_pattern,0.15548216387265368
10,7,sentence_beginning_attention_pattern,0.3240252936887834
10,8,sentence_beginning_attention_pattern,0.1486708619909915
10,9,sentence_beginning_attention_pattern,0.41122904767458746
10,10,sentence_beginning_attention_pattern,0.14378899352913008
10,11,sentence_beginning_attention_pattern,0.2883584787587975
11,1,sentence_beginning_attention_pattern,0.2736635841012936
11,2,sentence_beginning_attention_pattern,0.1887668432084518
11,3,sentence_beginning_attention_pattern,0.4022961362253235
11,4,sentence_beginning_attention_pattern,0.3202280243372959
11,5,sentence_beginning_attention_pattern,0.2016807748289385
11,6,sentence_beginning_attention_pattern,0.16158892990065202
11,7,sentence_beginning_attention_pattern,0.27521705697057464
11,9,sentence_beginning_attention_pattern,0.17064376693942418
11,10,sentence_beginning_attention_pattern,0.4244171709063055
11,11,sentence_beginning_attention_pattern,0.41369062004800217
1,3,token_reinforcement,0.37536049479774863
1,4,token_reinforcement,0.44379756156074446
1,6,token_reinforcement,0.4388292782595789
1,9,token_reinforcement,0.41929127886748246
2,1,token_reinforcement,0.3175453747593321
2,6,token_reinforcement,0.37775081123910376
2,11,token_reinforcement,0.29796174815047427
3,0,token_reinforcement,0.13510072527217382
3,1,token_reinforcement,0.3894029543643957
3,3,token_reinforcement,0.39193608351708675
3,4,token_reinforcement,0.21396968685699275
3,5,token_reinforcement,0.39001630834036527
3,10,token_reinforcement,0.28557945519061895
4,1,token_reinforcement,0.4478818404196604
4,2,token_reinforcement,0.2822587773003673
4,4,token_reinforcement,0.25456631971250177
4,5,token_reinforcement,0.38551548088830667
4,6,token_reinforcement,0.3919065688904199
4,8,token_reinforcement,0.2667728171542539
4,10,token_reinforcement,0.2092473913533687
5,0,token_reinforcement,0.20177192247694425
5,1,token_reinforcement,0.16540497461809697
5,2,token_reinforcement,0.4487955161950906
5,4,token_reinforcement,0.40237149205635186
5,5,token_reinforcement,0.19252684959633748
5,6,token_reinforcement,0.29830161433591157
5,7,token_reinforcement,0.3267895914125171
5,8,token_reinforcement,0.2644992793296718
5,9,token_reinforcement,0.22916518606442854
5,10,token_reinforcement,0.35560598884099537
5,11,token_reinforcement,0.25587033221376293
6,1,token_reinforcement,0.2968030721625213
6,2,token_reinforcement,0.2651492122038856
6,3,token_reinforcement,0.31138643661536225
6,4,token_reinforcement,0.33523096340077946
6,5,token_reinforcement,0.31251820827686905
6,6,token_reinforcement,0.18893824768238154
6,7,token_reinforcement,0.3798312925305247
6,8,token_reinforcement,0.4390934676773123
6,9,token_reinforcement,0.1714029310794427
6,10,token_reinforcement,0.1865707324598245
6,11,token_reinforcement,0.4025457501339048
7,0,token_reinforcement,0.3866393953853763
7,1,token_reinforcement,0.19921578776261686
7,2,token_reinforcement,0.1620981034022006
7,3,token_reinforcement,0.33075046304743105
7,4,token_reinforcement,0.31024437832058926
7,5,token_reinforcement,0.34012381504330436
7,6,token_reinforcement,0.24411484610270331
7,7,token_reinforcement,0.2013183268505962
7,8,token_reinforcement,0.41132932495396346
7,9,token_reinforcement,0.3264275108630041
7,10,token_reinforcement,0.16998465149353398
7,11,token_reinforcement,0.20083991872931883
8,0,token_reinforcement,0.24071089963404138
8,1,token_reinforcement,0.18392473927238814
8,2,token_reinforcement,0.34517813252190344
8,3,token_reinforcement,0.22513960936997696
8,4,token_reinforcement,0.32243028392657347
8,5,token_reinforcement,0.441395857592423
8,6,token_reinforcement,0.2696139782128125
8,7,token_reinforcement,0.36982293065410327
8,8,token_reinforcement,0.3444997655204312
8,9,token_reinforcement,0.2552915558167571
8,10,token_reinforcement,0.28875515160465665
8,11,token_reinforcement,0.2565835081997696
9,0,token_reinforcement,0.2864497249894027
9,1,token_reinforcement,0.19250458203269974
9,2,token_reinforcement,0.25927336095675224
9,3,token_reinforcement,0.42793387622319223
9,4,token_reinforcement,0.19304068176345945
9,5,token_reinforcement,0.23250001414543692
9,6,token_reinforcement,0.17751435545522548
9,7,token_reinforcement,0.2856964879392599
9,8,token_reinforcement,0.24238596233356216
9,9,token_reinforcement,0.17280633662782002
9,10,token_reinforcement,0.3442015567224351
9,11,token_reinforcement,0.18961809110802347
10,0,token_reinforcement,0.2306837201239241
10,1,token_reinforcement,0.17845378245349694
10,2,token_reinforcement,0.18930842762255615
10,3,token_reinforcement,0.24683620277086415
10,4,token_reinforcement,0.3396089943822362
10,5,token_reinforcement,0.3062959829188162
10,6,token_reinforcement,0.18368835223606472
10,7,token_reinforcement,0.2716311079191431
10,8,token_reinforcement,0.17244021106427718
10,9,token_reinforcement,0.3481810789777414
10,10,token_reinforcement,0.1801683771042703
10,11,token_reinforcement,0.2467238606110281
11,1,token_reinforcement,0.2449723565372952
11,2,token_reinforcement,0.2000010953073991
11,3,token_reinforcement,0.3507995638885272
11,4,token_reinforcement,0.27022193300809333
11,5,token_reinforcement,0.20353227624893155
11,6,token_reinforcement,0.18816926277146356
11,7,token_reinforcement,0.24347642146926698
11,9,token_reinforcement,0.19088279756265175
11,10,token_reinforcement,0.34686304710217036
11,11,token_reinforcement,0.3468629133709217
1,3,sentence_boundary_focus,0.4380072149596123
2,1,sentence_boundary_focus,0.3481236973999256
2,6,sentence_boundary_focus,0.4222434590691364
2,11,sentence_boundary_focus,0.35827709942810626
3,0,sentence_boundary_focus,0.15832804146626558
3,1,sentence_boundary_focus,0.4307047891917996
3,3,sentence_boundary_focus,0.4354187700934561
3,4,sentence_boundary_focus,0.1890597415967719
3,5,sentence_boundary_focus,0.41791522113137114
3,10,sentence_boundary_focus,0.3686734031096571
4,2,sentence_boundary_focus,0.29096780308030346
4,4,sentence_boundary_focus,0.29942366432551754
4,5,sentence_boundary_focus,0.42604794576815275
4,6,sentence_boundary_focus,0.42430737338076796
4,8,sentence_boundary_focus,0.292367699330143
4,10,sentence_boundary_focus,0.22961014506285435
5,0,sentence_boundary_focus,0.19563443794645025
5,1,sentence_boundary_focus,0.06739753001942747
5,4,sentence_boundary_focus,0.4439579209943455
5,5,sentence_boundary_focus,0.16555810789873313
5,6,sentence_boundary_focus,0.32150471381794626
5,7,sentence_boundary_focus,0.37066737181087694
5,8,sentence_boundary_focus,0.28209176784861173
5,9,sentence_boundary_focus,0.2076161825492575
5,10,sentence_boundary_focus,0.3967927495891893
5,11,sentence_boundary_focus,0.33375231690729046
6,1,sentence_boundary_focus,0.3087205519597232
6,2,sentence_boundary_focus,0.27511503817849936
6,3,sentence_boundary_focus,0.31681878208285846
6,4,sentence_boundary_focus,0.3788856323580144
6,5,sentence_boundary_focus,0.36245141791383495
6,6,sentence_boundary_focus,0.26043402693463696
6,7,sentence_boundary_focus,0.4199721897962016
6,9,sentence_boundary_focus,0.10035444086767069
6,10,sentence_boundary_focus,0.18917220131977852
6,11,sentence_boundary_focus,0.43875271883812805
7,0,sentence_boundary_focus,0.4044623810895217
7,1,sentence_boundary_focus,0.2076295159511226
7,2,sentence_boundary_focus,0.08852623539839495
7,3,sentence_boundary_focus,0.36772359270694777
7,4,sentence_boundary_focus,0.29425999039058126
7,5,sentence_boundary_focus,0.3707731593166975
7,6,sentence_boundary_focus,0.2584948591658699
7,7,sentence_boundary_focus,0.19590594886371546
7,8,sentence_boundary_focus,0.4437972270567586
7,9,sentence_boundary_focus,0.34122721110682225
7,10,sentence_boundary_focus,0.11870041052601206
7,11,sentence_boundary_focus,0.16668333547735345
8,0,sentence_boundary_focus,0.28105615036433923
8,1,sentence_boundary_focus,0.1492327549382153
8,2,sentence_boundary_focus,0.37239892132463626
8,3,sentence_boundary_focus,0.2410272599893793
8,4,sentence_boundary_focus,0.3654521561719659
8,6,sentence_boundary_focus,0.28265971904476417
8,7,sentence_boundary_focus,0.40803854449630333
8,8,sentence_boundary_focus,0.3852628250725297
8,9,sentence_boundary_focus,0.28510226508549774
8,10,sentence_boundary_focus,0.35095163091382653
8,11,sentence_boundary_focus,0.2591021180215776
9,0,sentence_boundary_focus,0.31551619943853526
9,1,sentence_boundary_focus,0.1741619168428427
9,2,sentence_boundary_focus,0.2870663266058598
9,4,sentence_boundary_focus,0.16664074150129976
9,5,sentence_boundary_focus,0.27317633392358187
9,6,sentence_boundary_focus,0.13257766004472038
9,7,sentence_boundary_focus,0.2976063947635745
9,8,sentence_boundary_focus,0.24217637897711572
9,9,sentence_boundary_focus,0.11382914219030957
9,10,sentence_boundary_focus,0.36936328926637196
9,11,sentence_boundary_focus,0.15084520131385631
10,0,sentence_boundary_focus,0.23526084065057037
10,1,sentence_boundary_focus,0.1657751140905571
10,2,sentence_boundary_focus,0.16223883341402687
10,3,sentence_boundary_focus,0.2589713208286492
10,4,sentence_boundary_focus,0.371972217655009
10,5,sentence_boundary_focus,0.3077399187361033
10,6,sentence_boundary_focus,0.15668659392325676
10,7,sentence_boundary_focus,0.31148487943817155
10,8,sentence_boundary_focus,0.14782809764851562
10,9,sentence_boundary_focus,0.38663299496922787
10,10,sentence_boundary_focus,0.14652269202279783
10,11,sentence_boundary_focus,0.2828850425618835
11,1,sentence_boundary_focus,0.2642078097466674
11,2,sentence_boundary_focus,0.18660664377314035
11,3,sentence_boundary_focus,0.389882056829821
11,4,sentence_boundary_focus,0.30615916092041806
11,5,sentence_boundary_focus,0.1998709606246494
11,6,sentence_boundary_focus,0.16122631348428879
11,7,sentence_boundary_focus,0.26131108220839
11,9,sentence_boundary_focus,0.16955576459992142
11,10,sentence_boundary_focus,0.4066052518252509
11,11,sentence_boundary_focus,0.3905450924460456
2,1,main_subject_attention,0.37344013745721927
2,6,main_subject_attention,0.4357275540442263
2,11,main_subject_attention,0.38189355738297426
3,0,main_subject_attention,0.17929737225136486
3,4,main_subject_attention,0.20713624704746528
3,5,main_subject_attention,0.44176498093885214
3,10,main_subject_attention,0.39436888297520756
4,2,main_subject_attention,0.31554680888995257
4,4,main_subject_attention,0.32260649801126207
4,6,main_subject_attention,0.44685907967571054
4,8,main_subject_attention,0.30904970900195455
4,10,main_subject_attention,0.2446509114793441
5,0,main_subject_attention,0.22832828327441854
5,1,main_subject_attention,0.08839912054189737
5,5,main_subject_attention,0.1876302452755018
5,6,main_subject_attention,0.353281723811467
5,7,main_subject_attention,0.38654158205698863
5,8,main_subject_attention,0.31180794060641337
5,9,main_subject_attention,0.22863570257995297
5,10,main_subject_attention,0.4212227689908198
5,11,main_subject_attention,0.35145044758990784
6,1,main_subject_attention,0.33870025109263074
6,2,main_subject_attention,0.2951601305065809
6,3,main_subject_attention,0.33248921974345347
6,4,main_subject_attention,0.39970475783494697
6,5,main_subject_attention,0.3859967164559035
6,6,main_subject_attention,0.28172304640594736
6,7,main_subject_attention,0.4437586712232961
6,9,main_subject_attention,0.12214118600130937
6,10,main_subject_attention,0.2074540336034969
7,0,main_subject_attention,0.4494243190863207
7,1,main_subject_attention,0.2252587567320637
7,2,main_subject_attention,0.10873618861391962
7,3,main_subject_attention,0.3935701504498275
7,4,main_subject_attention,0.3273674964093971
7,5,main_subject_attention,0.39348897656288445
7,6,main_subject_attention,0.27598452514717353
7,7,main_subject_attention,0.21467884700603448
7,9,main_subject_attention,0.3799735307035125
7,10,main_subject_attention,0.14008372958314963
7,11,main_subject_attention,0.1924783263410244
8,0,main_subject_attention,0.3053871943063621
8,1,main_subject_attention,0.1712612747630204
8,2,main_subject_attention,0.39557622411214777
8,3,main_subject_attention,0.25721414921701014
8,4,main_subject_attention,0.39810566758062177
8,6,main_subject_attention,0.3003260009922301
8,8,main_subject_attention,0.4056240697028047
8,9,main_subject_attention,0.3006655130767225
8,10,main_subject_attention,0.3750660758945833
8,11,main_subject_attention,0.2771562276657221
9,0,main_subject_attention,0.34142232197395395
9,1,main_subject_attention,0.19034559640494708
9,2,main_subject_attention,0.3064973360658287
9,4,main_subject_attention,0.1732595359199384
9,5,main_subject_attention,0.2987669480813979
9,6,main_subject_attention,0.15146503174929213
9,7,main_subject_attention,0.3182149331260907
9,8,main_subject_attention,0.2605611354694807
9,9,main_subject_attention,0.1307394194632135
9,10,main_subject_attention,0.4015396313770723
9,11,main_subject_attention,0.170893148447929
10,0,main_subject_attention,0.2531709271450102
10,1,main_subject_attention,0.18331490830278468
10,2,main_subject_attention,0.1810708810288554
10,3,main_subject_attention,0.2774062586568629
10,4,main_subject_attention,0.39577130562949603
10,5,main_subject_attention,0.3382380867464479
10,6,main_subject_attention,0.17428818262499896
10,7,main_subject_attention,0.33377440425145793
10,8,main_subject_attention,0.16966600704581783
10,9,main_subject_attention,0.4101873703817092
10,10,main_subject_attention,0.16635549357765925
10,11,main_subject_attention,0.3037290980000421
11,1,main_subject_attention,0.2842819240343041
11,2,main_subject_attention,0.20204790595198485
11,3,main_subject_attention,0.40306806901741526
11,4,main_subject_attention,0.3293691299938263
11,5,main_subject_attention,0.2076235986417813
11,6,main_subject_attention,0.18032086740601072
11,7,main_subject_attention,0.28345418214359064
11,9,main_subject_attention,0.18700843229585062
11,10,main_subject_attention,0.42497008858396945
11,11,main_subject_attention,0.42061132689741576
0,1,lexical_diversity_focus,0.13291176277446867
0,3,lexical_diversity_focus,0.275011141904479
0,5,lexical_diversity_focus,0.2297301121221685
1,11,lexical_diversity_focus,0.32076229785971194
1,3,sentence_start_attention,0.3727609609379292
1,4,sentence_start_attention,0.4419621675224084
1,6,sentence_start_attention,0.4354125504587005
1,9,sentence_start_attention,0.4167005399906175
2,1,sentence_start_attention,0.3130738520919615
2,6,sentence_start_attention,0.3719683200488234
2,11,sentence_start_attention,0.29382621475215986
3,0,sentence_start_attention,0.128484252826169
3,1,sentence_start_attention,0.3847544925534193
3,3,sentence_start_attention,0.3867980974200595
3,4,sentence_start_attention,0.20478269035197166
3,5,sentence_start_attention,0.38666701229510225
3,10,sentence_start_attention,0.2837404698953212
4,0,sentence_start_attention,0.4473045610852385
4,1,sentence_start_attention,0.4438541918044546
4,2,sentence_start_attention,0.2757678364286218
4,4,sentence_start_attention,0.2494428868748612
4,5,sentence_start_attention,0.38362997187727704
4,6,sentence_start_attention,0.388034908372383
4,8,sentence_start_attention,0.26085408605979815
4,10,sentence_start_attention,0.20124217196567235
5,0,sentence_start_attention,0.19729602486426942
5,1,sentence_start_attention,0.16534893830798494
5,2,sentence_start_attention,0.4465852394476939
5,4,sentence_start_attention,0.3998201058737868
5,5,sentence_start_attention,0.18461877541203534
5,6,sentence_start_attention,0.295649323930287
5,7,sentence_start_attention,0.32283449805655734
5,8,sentence_start_attention,0.2593931332396967
5,9,sentence_start_attention,0.22150863492202255
5,10,sentence_start_attention,0.3522125743362672
5,11,sentence_start_attention,0.25114962326822265
6,1,sentence_start_attention,0.2914289165965098
6,2,sentence_start_attention,0.25769145903720597
6,3,sentence_start_attention,0.30440347396749484
6,4,sentence_start_attention,0.3307810958972921
6,5,sentence_start_attention,0.3079212098493306
6,6,sentence_start_attention,0.18185053492683614
6,7,sentence_start_attention,0.37707609702618805
6,8,sentence_start_attention,0.4372087834054095
6,9,sentence_start_attention,0.16842865924364098
6,10,sentence_start_attention,0.1783724469154212
6,11,sentence_start_attention,0.40142401222840907
7,0,sentence_start_attention,0.38773511088316404
7,1,sentence_start_attention,0.19103347055814413
7,2,sentence_start_attention,0.16021391822994852
7,3,sentence_start_attention,0.32678291530877296
7,4,sentence_start_attention,0.30472344158141823
7,5,sentence_start_attention,0.3355077979588047
7,6,sentence_start_attention,0.23690319216585629
7,7,sentence_start_attention,0.1944647236754135
7,8,sentence_start_attention,0.4104254078132838
7,9,sentence_start_attention,0.3232457264954545
7,10,sentence_start_attention,0.1663829209809819
7,11,sentence_start_attention,0.19401773957643142
8,0,sentence_start_attention,0.23695620057161815
8,1,sentence_start_attention,0.1790996570825143
8,2,sentence_start_attention,0.3397677808218159
8,3,sentence_start_attention,0.21744947548198118
8,4,sentence_start_attention,0.32050839714655843
8,5,sentence_start_attention,0.4382728339114245
8,6,sentence_start_attention,0.26271715839501575
8,7,sentence_start_attention,0.36997652629336775
8,8,sentence_start_attention,0.3406264707247991
8,9,sentence_start_attention,0.24793006765234074
8,10,sentence_start_attention,0.28473439986553795
8,11,sentence_start_attention,0.24976540315158174
9,0,sentence_start_attention,0.28341073070662576
9,1,sentence_start_attention,0.18431201281768214
9,2,sentence_start_attention,0.25395621522932593
9,3,sentence_start_attention,0.4224550447517201
9,4,sentence_start_attention,0.18157863402509838
9,5,sentence_start_attention,0.2273908059231203
9,6,sentence_start_attention,0.17159482606321794
9,7,sentence_start_attention,0.2790988252753159
9,8,sentence_start_attention,0.23499757083275727
9,9,sentence_start_attention,0.16605067927827988
9,10,sentence_start_attention,0.33953180899485924
9,11,sentence_start_attention,0.18397694525149882
10,0,sentence_start_attention,0.22367270171253084
10,1,sentence_start_attention,0.17187338242862435
10,2,sentence_start_attention,0.1798525769464265
10,3,sentence_start_attention,0.2386271821650967
10,4,sentence_start_attention,0.3335250168922981
10,5,sentence_start_attention,0.2985810735751887
10,6,sentence_start_attention,0.17653036677892592
10,7,sentence_start_attention,0.26627749358483904
10,8,sentence_start_attention,0.165425349700895
10,9,sentence_start_attention,0.34186833307535863
10,10,sentence_start_attention,0.17429150323809647
10,11,sentence_start_attention,0.24301084920183622
11,1,sentence_start_attention,0.23855422229697618
11,2,sentence_start_attention,0.18927642605514422
11,3,sentence_start_attention,0.34515481686042865
11,4,sentence_start_attention,0.26443633645855674
11,5,sentence_start_attention,0.1925114008005231
11,6,sentence_start_attention,0.17990231257619693
11,7,sentence_start_attention,0.2357354251507358
11,9,sentence_start_attention,0.1819760359547787
11,10,sentence_start_attention,0.3424803209437157
11,11,sentence_start_attention,0.3435287563563883
0,0,initial_word_attention,0.4345251880719803
0,2,initial_word_attention,0.4278774337818483
0,9,initial_word_attention,0.40659177604601326
0,10,initial_word_attention,0.4396007000476104
0,11,initial_word_attention,0.4187176618200142
1,2,initial_word_attention,0.41342644301801557
1,4,initial_word_attention,0.381386901668399
1,6,initial_word_attention,0.39713787736777884
1,7,initial_word_attention,0.38610077729251013
1,8,initial_word_attention,0.38590252480607223
1,9,initial_word_attention,0.38006472798946955
2,1,initial_word_attention,0.3915003733845763
2,6,initial_word_attention,0.40720768662804663
2,10,initial_word_attention,0.421801933322744
2,11,initial_word_attention,0.41273422137445087
3,0,initial_word_attention,0.4424140453993816
3,1,initial_word_attention,0.44861042293798636
3,4,initial_word_attention,0.41325374920731683
3,5,initial_word_attention,0.40294522811793154
3,10,initial_word_attention,0.4371151262128873
4,2,initial_word_attention,0.4151397760632598
4,4,initial_word_attention,0.43463884883295056
4,6,initial_word_attention,0.4279950477452272
4,8,initial_word_attention,0.4249160774943238
4,10,initial_word_attention,0.4229644185204376
5,0,initial_word_attention,0.4231823468336488
5,1,initial_word_attention,0.41605010623266026
5,3,initial_word_attention,0.43748471187230586
5,5,initial_word_attention,0.41881250010665705
5,8,initial_word_attention,0.41896389512163024
5,9,initial_word_attention,0.4041867167375234
5,10,initial_word_attention,0.44463821438062145
6,1,initial_word_attention,0.4451784719357336
6,2,initial_word_attention,0.40669981529849125
6,3,initial_word_attention,0.42681197804017285
6,5,initial_word_attention,0.4331830748925011
6,6,initial_word_attention,0.43021835649632767
6,7,initial_word_attention,0.4488223272229547
6,9,initial_word_attention,0.4219925057635424
6,10,initial_word_attention,0.4210107101769375
7,1,initial_word_attention,0.4287202468304212
7,2,initial_word_attention,0.42339384030337596
7,3,initial_word_attention,0.4325112656095598
7,4,initial_word_attention,0.41429411232048297
7,5,initial_word_attention,0.42204183432014303
7,6,initial_word_attention,0.41249201380101513
7,7,initial_word_attention,0.42672309274765896
7,9,initial_word_attention,0.4253902069059274
7,10,initial_word_attention,0.4278048813229014
7,11,initial_word_attention,0.41472847623828485
8,0,initial_word_attention,0.4297856194943904
8,1,initial_word_attention,0.42187801760220917
8,2,initial_word_attention,0.41581631291603555
8,3,initial_word_attention,0.42684089308521245
8,5,initial_word_attention,0.4378137385570309
8,6,initial_word_attention,0.4399484116131154
8,8,initial_word_attention,0.4400473353696042
8,9,initial_word_attention,0.44040125241139183
8,10,initial_word_attention,0.42906617486874155
8,11,initial_word_attention,0.4187319721362398
9,0,initial_word_attention,0.43749200151608125
9,1,initial_word_attention,0.4199758580891544
9,2,initial_word_attention,0.4375038049975194
9,4,initial_word_attention,0.4393569869023269
9,5,initial_word_attention,0.4352530824612157
9,6,initial_word_attention,0.4226699804013155
9,7,initial_word_attention,0.40988401162612115
9,8,initial_word_attention,0.4252223002140821
9,9,initial_word_attention,0.430787860918182
9,10,initial_word_attention,0.4424196861070886
9,11,initial_word_attention,0.4151303825196864
10,0,initial_word_attention,0.42049477730107243
10,1,initial_word_attention,0.4314827817759683
10,2,initial_word_attention,0.4238841303414594
10,3,initial_word_attention,0.4237487835071911
10,4,initial_word_attention,0.4309979906754403
10,5,initial_word_attention,0.4150296403169005
10,6,initial_word_attention,0.4334645616385299
10,7,initial_word_attention,0.44195378466384155
10,8,initial_word_attention,0.42788449784055277
10,9,initial_word_attention,0.44941919162456206
10,10,initial_word_attention,0.4235496428835474
11,1,initial_word_attention,0.41969224088808915
11,2,initial_word_attention,0.42840020258700306
11,4,initial_word_attention,0.41897179287936703
11,5,initial_word_attention,0.43682452032887503
11,6,initial_word_attention,0.422652704667677
11,7,initial_word_attention,0.4182700910984251
11,9,initial_word_attention,0.4247335193663101
11,11,initial_word_attention,0.4359193726578301
0,1,rare_word_dominance,0.15062787274815873
0,3,rare_word_dominance,0.25367084172958587
0,5,rare_word_dominance,0.2494049874101595
1,11,rare_word_dominance,0.33392418367718857
